[18-Sep-2025 07:37:24 UTC] Automatic updates starting...
[18-Sep-2025 07:37:24 UTC]   Automatic plugin updates starting...
[18-Sep-2025 07:37:24 UTC]   Automatic plugin updates complete.
[18-Sep-2025 07:37:25 UTC] PHP Deprecated:  explode(): Passing null to parameter #2 ($string) of type string is deprecated in /var/www/html/wp-content/plugins/jonas-alexander/jonas-alexander.php on line 47
[18-Sep-2025 07:37:25 UTC] PHP Deprecated:  explode(): Passing null to parameter #2 ($string) of type string is deprecated in /var/www/html/wp-content/plugins/jonas-alexander/jonas-alexander.php on line 50
[18-Sep-2025 07:37:25 UTC] Automatic updates complete.
[18-Sep-2025 07:37:27 UTC] PHP Deprecated:  explode(): Passing null to parameter #2 ($string) of type string is deprecated in /var/www/html/wp-content/plugins/jonas-alexander/jonas-alexander.php on line 47
[18-Sep-2025 07:37:27 UTC] PHP Deprecated:  explode(): Passing null to parameter #2 ($string) of type string is deprecated in /var/www/html/wp-content/plugins/jonas-alexander/jonas-alexander.php on line 50
[18-Sep-2025 07:37:27 UTC] PHP Deprecated:  explode(): Passing null to parameter #2 ($string) of type string is deprecated in /var/www/html/wp-content/plugins/jonas-alexander/jonas-alexander.php on line 47
[18-Sep-2025 07:37:27 UTC] PHP Deprecated:  explode(): Passing null to parameter #2 ($string) of type string is deprecated in /var/www/html/wp-content/plugins/jonas-alexander/jonas-alexander.php on line 50
[18-Sep-2025 07:37:27 UTC] PHP Deprecated:  explode(): Passing null to parameter #2 ($string) of type string is deprecated in /var/www/html/wp-content/plugins/jonas-alexander/jonas-alexander.php on line 47
[18-Sep-2025 07:37:27 UTC] PHP Deprecated:  explode(): Passing null to parameter #2 ($string) of type string is deprecated in /var/www/html/wp-content/plugins/jonas-alexander/jonas-alexander.php on line 50
[18-Sep-2025 07:53:34 UTC] PHP Deprecated:  explode(): Passing null to parameter #2 ($string) of type string is deprecated in /var/www/html/wp-content/plugins/jonas-alexander/jonas-alexander.php on line 47
[18-Sep-2025 07:53:34 UTC] PHP Deprecated:  explode(): Passing null to parameter #2 ($string) of type string is deprecated in /var/www/html/wp-content/plugins/jonas-alexander/jonas-alexander.php on line 50
[18-Sep-2025 08:16:16 UTC] PHP Deprecated:  explode(): Passing null to parameter #2 ($string) of type string is deprecated in /var/www/html/wp-content/plugins/jonas-alexander/jonas-alexander.php on line 47
[18-Sep-2025 08:16:16 UTC] PHP Deprecated:  explode(): Passing null to parameter #2 ($string) of type string is deprecated in /var/www/html/wp-content/plugins/jonas-alexander/jonas-alexander.php on line 50
[18-Sep-2025 11:25:29 UTC] Automatic updates starting...
[18-Sep-2025 11:25:29 UTC]   Automatic plugin updates starting...
[18-Sep-2025 11:25:29 UTC]   Automatic plugin updates complete.
[18-Sep-2025 11:25:29 UTC] Automatic updates complete.
[18-Sep-2025 11:35:18 UTC] PHP Deprecated:  explode(): Passing null to parameter #2 ($string) of type string is deprecated in /var/www/html/wp-content/plugins/jonas-alexander/jonas-alexander.php on line 47
[18-Sep-2025 11:35:18 UTC] PHP Deprecated:  explode(): Passing null to parameter #2 ($string) of type string is deprecated in /var/www/html/wp-content/plugins/jonas-alexander/jonas-alexander.php on line 50
[18-Sep-2025 11:35:20 UTC] PHP Deprecated:  explode(): Passing null to parameter #2 ($string) of type string is deprecated in /var/www/html/wp-content/plugins/jonas-alexander/jonas-alexander.php on line 47
[18-Sep-2025 11:35:20 UTC] PHP Deprecated:  explode(): Passing null to parameter #2 ($string) of type string is deprecated in /var/www/html/wp-content/plugins/jonas-alexander/jonas-alexander.php on line 50
[18-Sep-2025 11:35:23 UTC] PHP Deprecated:  explode(): Passing null to parameter #2 ($string) of type string is deprecated in /var/www/html/wp-content/plugins/jonas-alexander/jonas-alexander.php on line 47
[18-Sep-2025 11:35:23 UTC] PHP Deprecated:  explode(): Passing null to parameter #2 ($string) of type string is deprecated in /var/www/html/wp-content/plugins/jonas-alexander/jonas-alexander.php on line 50
[18-Sep-2025 11:35:24 UTC] PHP Deprecated:  explode(): Passing null to parameter #2 ($string) of type string is deprecated in /var/www/html/wp-content/plugins/jonas-alexander/jonas-alexander.php on line 47
[18-Sep-2025 11:35:24 UTC] PHP Deprecated:  explode(): Passing null to parameter #2 ($string) of type string is deprecated in /var/www/html/wp-content/plugins/jonas-alexander/jonas-alexander.php on line 50
[18-Sep-2025 11:38:08 UTC] PHP Deprecated:  explode(): Passing null to parameter #2 ($string) of type string is deprecated in /var/www/html/wp-content/plugins/jonas-alexander/jonas-alexander.php on line 47
[18-Sep-2025 11:38:08 UTC] PHP Deprecated:  explode(): Passing null to parameter #2 ($string) of type string is deprecated in /var/www/html/wp-content/plugins/jonas-alexander/jonas-alexander.php on line 50
[18-Sep-2025 12:29:22 UTC] PHP Deprecated:  explode(): Passing null to parameter #2 ($string) of type string is deprecated in /var/www/html/wp-content/plugins/jonas-alexander/jonas-alexander.php on line 47
[18-Sep-2025 12:29:22 UTC] PHP Deprecated:  explode(): Passing null to parameter #2 ($string) of type string is deprecated in /var/www/html/wp-content/plugins/jonas-alexander/jonas-alexander.php on line 50
[18-Sep-2025 12:29:23 UTC] PHP Deprecated:  explode(): Passing null to parameter #2 ($string) of type string is deprecated in /var/www/html/wp-content/plugins/jonas-alexander/jonas-alexander.php on line 47
[18-Sep-2025 12:29:23 UTC] PHP Deprecated:  explode(): Passing null to parameter #2 ($string) of type string is deprecated in /var/www/html/wp-content/plugins/jonas-alexander/jonas-alexander.php on line 50
[18-Sep-2025 12:29:28 UTC] PHP Deprecated:  explode(): Passing null to parameter #2 ($string) of type string is deprecated in /var/www/html/wp-content/plugins/jonas-alexander/jonas-alexander.php on line 47
[18-Sep-2025 12:29:28 UTC] PHP Deprecated:  explode(): Passing null to parameter #2 ($string) of type string is deprecated in /var/www/html/wp-content/plugins/jonas-alexander/jonas-alexander.php on line 50
[18-Sep-2025 12:31:02 UTC] PHP Deprecated:  explode(): Passing null to parameter #2 ($string) of type string is deprecated in /var/www/html/wp-content/plugins/jonas-alexander/jonas-alexander.php on line 47
[18-Sep-2025 12:31:02 UTC] PHP Deprecated:  explode(): Passing null to parameter #2 ($string) of type string is deprecated in /var/www/html/wp-content/plugins/jonas-alexander/jonas-alexander.php on line 50
[18-Sep-2025 12:48:13 UTC] PHP Deprecated:  explode(): Passing null to parameter #2 ($string) of type string is deprecated in /var/www/html/wp-content/plugins/jonas-alexander/jonas-alexander.php on line 47
[18-Sep-2025 12:48:13 UTC] PHP Deprecated:  explode(): Passing null to parameter #2 ($string) of type string is deprecated in /var/www/html/wp-content/plugins/jonas-alexander/jonas-alexander.php on line 50
[18-Sep-2025 12:48:21 UTC] PHP Deprecated:  explode(): Passing null to parameter #2 ($string) of type string is deprecated in /var/www/html/wp-content/plugins/jonas-alexander/jonas-alexander.php on line 47
[18-Sep-2025 12:48:21 UTC] PHP Deprecated:  explode(): Passing null to parameter #2 ($string) of type string is deprecated in /var/www/html/wp-content/plugins/jonas-alexander/jonas-alexander.php on line 50
[18-Sep-2025 12:49:11 UTC] PHP Deprecated:  explode(): Passing null to parameter #2 ($string) of type string is deprecated in /var/www/html/wp-content/plugins/jonas-alexander/jonas-alexander.php on line 47
[18-Sep-2025 12:49:11 UTC] PHP Deprecated:  explode(): Passing null to parameter #2 ($string) of type string is deprecated in /var/www/html/wp-content/plugins/jonas-alexander/jonas-alexander.php on line 50
[18-Sep-2025 13:14:18 UTC] PHP Deprecated:  explode(): Passing null to parameter #2 ($string) of type string is deprecated in /var/www/html/wp-content/plugins/jonas-alexander/jonas-alexander.php on line 47
[18-Sep-2025 13:14:18 UTC] PHP Deprecated:  explode(): Passing null to parameter #2 ($string) of type string is deprecated in /var/www/html/wp-content/plugins/jonas-alexander/jonas-alexander.php on line 50
[18-Sep-2025 13:15:01 UTC] PHP Deprecated:  explode(): Passing null to parameter #2 ($string) of type string is deprecated in /var/www/html/wp-content/plugins/jonas-alexander/jonas-alexander.php on line 47
[18-Sep-2025 13:15:01 UTC] PHP Deprecated:  explode(): Passing null to parameter #2 ($string) of type string is deprecated in /var/www/html/wp-content/plugins/jonas-alexander/jonas-alexander.php on line 50
[18-Sep-2025 13:15:33 UTC] PHP Deprecated:  explode(): Passing null to parameter #2 ($string) of type string is deprecated in /var/www/html/wp-content/plugins/jonas-alexander/jonas-alexander.php on line 47
[18-Sep-2025 13:15:33 UTC] PHP Deprecated:  explode(): Passing null to parameter #2 ($string) of type string is deprecated in /var/www/html/wp-content/plugins/jonas-alexander/jonas-alexander.php on line 50
[18-Sep-2025 13:21:00 UTC] PHP Deprecated:  explode(): Passing null to parameter #2 ($string) of type string is deprecated in /var/www/html/wp-content/plugins/jonas-alexander/jonas-alexander.php on line 47
[18-Sep-2025 13:21:00 UTC] PHP Deprecated:  explode(): Passing null to parameter #2 ($string) of type string is deprecated in /var/www/html/wp-content/plugins/jonas-alexander/jonas-alexander.php on line 50
[18-Sep-2025 18:00:39 UTC] PHP Warning:  wp_update_plugins(): An unexpected error occurred. Something may be wrong with WordPress.org or this server&#8217;s configuration. If you continue to have problems, please try the <a href="https://wordpress.org/support/forums/">support forums</a>. (WordPress could not establish a secure connection to WordPress.org. Please contact your server administrator.) in /var/www/html/wp-includes/functions.php on line 6121
[18-Sep-2025 18:00:53 UTC] PHP Deprecated:  explode(): Passing null to parameter #2 ($string) of type string is deprecated in /var/www/html/wp-content/plugins/jonas-alexander/jonas-alexander.php on line 47
[18-Sep-2025 18:00:53 UTC] PHP Deprecated:  explode(): Passing null to parameter #2 ($string) of type string is deprecated in /var/www/html/wp-content/plugins/jonas-alexander/jonas-alexander.php on line 50
[18-Sep-2025 18:00:54 UTC] PHP Deprecated:  explode(): Passing null to parameter #2 ($string) of type string is deprecated in /var/www/html/wp-content/plugins/jonas-alexander/jonas-alexander.php on line 47
[18-Sep-2025 18:00:54 UTC] PHP Deprecated:  explode(): Passing null to parameter #2 ($string) of type string is deprecated in /var/www/html/wp-content/plugins/jonas-alexander/jonas-alexander.php on line 50
[19-Sep-2025 07:46:32 UTC] Automatic updates starting...
[19-Sep-2025 07:46:32 UTC]   Automatic plugin updates starting...
[19-Sep-2025 07:46:32 UTC]   Automatic plugin updates complete.
[19-Sep-2025 07:46:32 UTC] PHP Deprecated:  explode(): Passing null to parameter #2 ($string) of type string is deprecated in /var/www/html/wp-content/plugins/jonas-alexander/jonas-alexander.php on line 47
[19-Sep-2025 07:46:32 UTC] PHP Deprecated:  explode(): Passing null to parameter #2 ($string) of type string is deprecated in /var/www/html/wp-content/plugins/jonas-alexander/jonas-alexander.php on line 50
[19-Sep-2025 07:46:33 UTC] Automatic updates complete.
[19-Sep-2025 07:49:17 UTC] PHP Deprecated:  explode(): Passing null to parameter #2 ($string) of type string is deprecated in /var/www/html/wp-content/plugins/jonas-alexander/jonas-alexander.php on line 47
[19-Sep-2025 07:49:17 UTC] PHP Deprecated:  explode(): Passing null to parameter #2 ($string) of type string is deprecated in /var/www/html/wp-content/plugins/jonas-alexander/jonas-alexander.php on line 50
[19-Sep-2025 08:05:35 UTC] PHP Deprecated:  explode(): Passing null to parameter #2 ($string) of type string is deprecated in /var/www/html/wp-content/plugins/jonas-alexander/jonas-alexander.php on line 47
[19-Sep-2025 08:05:35 UTC] PHP Deprecated:  explode(): Passing null to parameter #2 ($string) of type string is deprecated in /var/www/html/wp-content/plugins/jonas-alexander/jonas-alexander.php on line 50
[19-Sep-2025 08:05:49 UTC] PHP Deprecated:  explode(): Passing null to parameter #2 ($string) of type string is deprecated in /var/www/html/wp-content/plugins/jonas-alexander/jonas-alexander.php on line 47
[19-Sep-2025 08:05:49 UTC] PHP Deprecated:  explode(): Passing null to parameter #2 ($string) of type string is deprecated in /var/www/html/wp-content/plugins/jonas-alexander/jonas-alexander.php on line 50
[19-Sep-2025 08:12:33 UTC] PHP Deprecated:  explode(): Passing null to parameter #2 ($string) of type string is deprecated in /var/www/html/wp-content/plugins/jonas-alexander/jonas-alexander.php on line 47
[19-Sep-2025 08:12:33 UTC] PHP Deprecated:  explode(): Passing null to parameter #2 ($string) of type string is deprecated in /var/www/html/wp-content/plugins/jonas-alexander/jonas-alexander.php on line 50
[19-Sep-2025 08:12:44 UTC] PHP Deprecated:  explode(): Passing null to parameter #2 ($string) of type string is deprecated in /var/www/html/wp-content/plugins/jonas-alexander/jonas-alexander.php on line 47
[19-Sep-2025 08:12:44 UTC] PHP Deprecated:  explode(): Passing null to parameter #2 ($string) of type string is deprecated in /var/www/html/wp-content/plugins/jonas-alexander/jonas-alexander.php on line 50
[25-Sep-2025 08:40:14 UTC] Automatic updates starting...
[25-Sep-2025 08:40:15 UTC]   Automatic plugin updates starting...
[25-Sep-2025 08:40:15 UTC]   Automatic plugin updates complete.
[25-Sep-2025 08:40:15 UTC] PHP Deprecated:  explode(): Passing null to parameter #2 ($string) of type string is deprecated in /var/www/html/wp-content/plugins/jonas-alexander/jonas-alexander.php on line 47
[25-Sep-2025 08:40:15 UTC] PHP Deprecated:  explode(): Passing null to parameter #2 ($string) of type string is deprecated in /var/www/html/wp-content/plugins/jonas-alexander/jonas-alexander.php on line 50
[25-Sep-2025 08:40:15 UTC] Automatic updates complete.
[25-Sep-2025 08:40:17 UTC] PHP Deprecated:  explode(): Passing null to parameter #2 ($string) of type string is deprecated in /var/www/html/wp-content/plugins/jonas-alexander/jonas-alexander.php on line 47
[25-Sep-2025 08:40:17 UTC] PHP Deprecated:  explode(): Passing null to parameter #2 ($string) of type string is deprecated in /var/www/html/wp-content/plugins/jonas-alexander/jonas-alexander.php on line 50
[25-Sep-2025 08:40:17 UTC] PHP Deprecated:  explode(): Passing null to parameter #2 ($string) of type string is deprecated in /var/www/html/wp-content/plugins/jonas-alexander/jonas-alexander.php on line 47
[25-Sep-2025 08:40:17 UTC] PHP Deprecated:  explode(): Passing null to parameter #2 ($string) of type string is deprecated in /var/www/html/wp-content/plugins/jonas-alexander/jonas-alexander.php on line 50
[25-Sep-2025 08:40:17 UTC] PHP Deprecated:  explode(): Passing null to parameter #2 ($string) of type string is deprecated in /var/www/html/wp-content/plugins/jonas-alexander/jonas-alexander.php on line 47
[25-Sep-2025 08:40:17 UTC] PHP Deprecated:  explode(): Passing null to parameter #2 ($string) of type string is deprecated in /var/www/html/wp-content/plugins/jonas-alexander/jonas-alexander.php on line 50
[25-Sep-2025 09:17:31 UTC] PHP Deprecated:  explode(): Passing null to parameter #2 ($string) of type string is deprecated in /var/www/html/wp-content/plugins/jonas-alexander/jonas-alexander.php on line 47
[25-Sep-2025 09:17:31 UTC] PHP Deprecated:  explode(): Passing null to parameter #2 ($string) of type string is deprecated in /var/www/html/wp-content/plugins/jonas-alexander/jonas-alexander.php on line 50
[25-Sep-2025 11:25:15 UTC] Automatic updates starting...
[25-Sep-2025 11:25:16 UTC]   Automatic plugin updates starting...
[25-Sep-2025 11:25:16 UTC]   Automatic plugin updates complete.
[25-Sep-2025 11:25:16 UTC] Automatic updates complete.
[26-Sep-2025 17:26:11 UTC] Automatic updates starting...
[26-Sep-2025 17:26:11 UTC]   Automatic plugin updates starting...
[26-Sep-2025 17:26:11 UTC]   Automatic plugin updates complete.
[26-Sep-2025 17:26:11 UTC] PHP Deprecated:  explode(): Passing null to parameter #2 ($string) of type string is deprecated in /var/www/html/wp-content/plugins/jonas-alexander/jonas-alexander.php on line 47
[26-Sep-2025 17:26:11 UTC] PHP Deprecated:  explode(): Passing null to parameter #2 ($string) of type string is deprecated in /var/www/html/wp-content/plugins/jonas-alexander/jonas-alexander.php on line 50
[26-Sep-2025 17:26:11 UTC] Automatic updates complete.
[02-Jan-2026 10:50:11 UTC] Automatic updates starting...
[02-Jan-2026 10:50:12 UTC]   Automatic plugin updates starting...
[02-Jan-2026 10:50:12 UTC]   Automatic plugin updates complete.
[02-Jan-2026 10:50:12 UTC] PHP Deprecated:  explode(): Passing null to parameter #2 ($string) of type string is deprecated in /var/www/html/wp-content/plugins/jonas-alexander/jonas-alexander.php on line 48
[02-Jan-2026 10:50:12 UTC] PHP Deprecated:  explode(): Passing null to parameter #2 ($string) of type string is deprecated in /var/www/html/wp-content/plugins/jonas-alexander/jonas-alexander.php on line 51
[02-Jan-2026 10:50:12 UTC] Automatic updates complete.
[02-Jan-2026 10:50:24 UTC] PHP Deprecated:  explode(): Passing null to parameter #2 ($string) of type string is deprecated in /var/www/html/wp-content/plugins/jonas-alexander/jonas-alexander.php on line 48
[02-Jan-2026 10:50:24 UTC] PHP Deprecated:  explode(): Passing null to parameter #2 ($string) of type string is deprecated in /var/www/html/wp-content/plugins/jonas-alexander/jonas-alexander.php on line 51
[02-Jan-2026 10:50:25 UTC] PHP Deprecated:  explode(): Passing null to parameter #2 ($string) of type string is deprecated in /var/www/html/wp-content/plugins/jonas-alexander/jonas-alexander.php on line 48
[02-Jan-2026 10:50:25 UTC] PHP Deprecated:  explode(): Passing null to parameter #2 ($string) of type string is deprecated in /var/www/html/wp-content/plugins/jonas-alexander/jonas-alexander.php on line 51
[02-Jan-2026 10:50:25 UTC] PHP Deprecated:  explode(): Passing null to parameter #2 ($string) of type string is deprecated in /var/www/html/wp-content/plugins/jonas-alexander/jonas-alexander.php on line 48
[02-Jan-2026 10:50:25 UTC] PHP Deprecated:  explode(): Passing null to parameter #2 ($string) of type string is deprecated in /var/www/html/wp-content/plugins/jonas-alexander/jonas-alexander.php on line 51
[02-Jan-2026 10:54:58 UTC] PHP Deprecated:  explode(): Passing null to parameter #2 ($string) of type string is deprecated in /var/www/html/wp-content/plugins/jonas-alexander/jonas-alexander.php on line 48
[02-Jan-2026 10:54:58 UTC] PHP Deprecated:  explode(): Passing null to parameter #2 ($string) of type string is deprecated in /var/www/html/wp-content/plugins/jonas-alexander/jonas-alexander.php on line 51
[02-Jan-2026 10:55:41 UTC] PHP Deprecated:  explode(): Passing null to parameter #2 ($string) of type string is deprecated in /var/www/html/wp-content/plugins/jonas-alexander/jonas-alexander.php on line 48
[02-Jan-2026 10:55:41 UTC] PHP Deprecated:  explode(): Passing null to parameter #2 ($string) of type string is deprecated in /var/www/html/wp-content/plugins/jonas-alexander/jonas-alexander.php on line 51
[02-Jan-2026 10:57:09 UTC] PHP Deprecated:  explode(): Passing null to parameter #2 ($string) of type string is deprecated in /var/www/html/wp-content/plugins/jonas-alexander/jonas-alexander.php on line 48
[02-Jan-2026 10:57:09 UTC] PHP Deprecated:  explode(): Passing null to parameter #2 ($string) of type string is deprecated in /var/www/html/wp-content/plugins/jonas-alexander/jonas-alexander.php on line 51
[02-Jan-2026 10:57:09 UTC] PHP Deprecated:  trim(): Passing null to parameter #1 ($string) of type string is deprecated in /var/www/html/wp-content/plugins/jonas-alexander/project_template.php on line 2
[02-Jan-2026 10:57:09 UTC] PHP Fatal error:  Uncaught TypeError: count(): Argument #1 ($value) must be of type Countable|array, null given in /var/www/html/wp-content/plugins/jonas-alexander/project_template.php:121
Stack trace:
#0 /var/www/html/wp-content/plugins/jonas-alexander/jonas-alexander.php(60): require_once()
#1 /var/www/html/wp-content/plugins/jonas-alexander/jonas-alexander.php(32): render_jonasalexander_template('booohking_proje...')
#2 /var/www/html/wp-includes/shortcodes.php(434): {closure}(Array, '', 'booohking_proje...')
#3 [internal function]: do_shortcode_tag(Array)
#4 /var/www/html/wp-includes/shortcodes.php(273): preg_replace_callback('/\\[(\\[?)(booohk...', 'do_shortcode_ta...', '[booohking_proj...')
#5 /var/www/html/wp-includes/class-wp-hook.php(341): do_shortcode('[booohking_proj...')
#6 /var/www/html/wp-includes/plugin.php(205): WP_Hook->apply_filters('[booohking_proj...', Array)
#7 /var/www/html/wp-includes/rest-api/endpoints/class-wp-rest-revisions-controller.php(656): apply_filters('the_content', '<!-- wp:shortco...')
#8 /var/www/html/wp-includes/rest-api/endpoints/class-wp-rest-autosaves-controller.php(460): WP_REST_Revisions_Controller->prepare_item_for_response(Object(WP_Post), Object(WP_REST_Request))
#9 /var/www/html/wp-includes/rest-api/endpoints/class-wp-rest-autosaves-controller.php(253): WP_REST_Autosaves_Controller->prepare_item_for_response(Object(WP_Post), Object(WP_REST_Request))
#10 /var/www/html/wp-includes/rest-api/class-wp-rest-server.php(1292): WP_REST_Autosaves_Controller->create_item(Object(WP_REST_Request))
#11 /var/www/html/wp-includes/rest-api/class-wp-rest-server.php(1125): WP_REST_Server->respond_to_request(Object(WP_REST_Request), '/wp/v2/pages/(?...', Array, NULL)
#12 /var/www/html/wp-includes/rest-api/class-wp-rest-server.php(439): WP_REST_Server->dispatch(Object(WP_REST_Request))
#13 /var/www/html/wp-includes/rest-api.php(467): WP_REST_Server->serve_request('/wp/v2/pages/31...')
#14 /var/www/html/wp-includes/class-wp-hook.php(341): rest_api_loaded(Object(WP))
#15 /var/www/html/wp-includes/class-wp-hook.php(365): WP_Hook->apply_filters('', Array)
#16 /var/www/html/wp-includes/plugin.php(570): WP_Hook->do_action(Array)
#17 /var/www/html/wp-includes/class-wp.php(418): do_action_ref_array('parse_request', Array)
#18 /var/www/html/wp-includes/class-wp.php(821): WP->parse_request('')
#19 /var/www/html/wp-includes/functions.php(1343): WP->main('')
#20 /var/www/html/wp-blog-header.php(16): wp()
#21 /var/www/html/index.php(17): require('/var/www/html/w...')
#22 {main}
  thrown in /var/www/html/wp-content/plugins/jonas-alexander/project_template.php on line 121
[02-Jan-2026 10:57:28 UTC] PHP Deprecated:  explode(): Passing null to parameter #2 ($string) of type string is deprecated in /var/www/html/wp-content/plugins/jonas-alexander/jonas-alexander.php on line 48
[02-Jan-2026 10:57:28 UTC] PHP Deprecated:  explode(): Passing null to parameter #2 ($string) of type string is deprecated in /var/www/html/wp-content/plugins/jonas-alexander/jonas-alexander.php on line 51
[02-Jan-2026 10:57:28 UTC] PHP Deprecated:  trim(): Passing null to parameter #1 ($string) of type string is deprecated in /var/www/html/wp-content/plugins/jonas-alexander/project_template.php on line 2
[02-Jan-2026 10:57:28 UTC] PHP Fatal error:  Uncaught TypeError: count(): Argument #1 ($value) must be of type Countable|array, null given in /var/www/html/wp-content/plugins/jonas-alexander/project_template.php:121
Stack trace:
#0 /var/www/html/wp-content/plugins/jonas-alexander/jonas-alexander.php(60): require_once()
#1 /var/www/html/wp-content/plugins/jonas-alexander/jonas-alexander.php(32): render_jonasalexander_template('booohking_proje...')
#2 /var/www/html/wp-includes/shortcodes.php(434): {closure}(Array, '', 'booohking_proje...')
#3 [internal function]: do_shortcode_tag(Array)
#4 /var/www/html/wp-includes/shortcodes.php(273): preg_replace_callback('/\\[(\\[?)(booohk...', 'do_shortcode_ta...', '[booohking_proj...')
#5 /var/www/html/wp-includes/class-wp-hook.php(341): do_shortcode('[booohking_proj...')
#6 /var/www/html/wp-includes/plugin.php(205): WP_Hook->apply_filters('[booohking_proj...', Array)
#7 /var/www/html/wp-includes/rest-api/endpoints/class-wp-rest-posts-controller.php(1972): apply_filters('the_content', '<!-- wp:shortco...')
#8 /var/www/html/wp-includes/rest-api/endpoints/class-wp-rest-posts-controller.php(1049): WP_REST_Posts_Controller->prepare_item_for_response(Object(WP_Post), Object(WP_REST_Request))
#9 /var/www/html/wp-includes/rest-api/class-wp-rest-server.php(1292): WP_REST_Posts_Controller->update_item(Object(WP_REST_Request))
#10 /var/www/html/wp-includes/rest-api/class-wp-rest-server.php(1125): WP_REST_Server->respond_to_request(Object(WP_REST_Request), '/wp/v2/pages/(?...', Array, NULL)
#11 /var/www/html/wp-includes/rest-api/class-wp-rest-server.php(439): WP_REST_Server->dispatch(Object(WP_REST_Request))
#12 /var/www/html/wp-includes/rest-api.php(467): WP_REST_Server->serve_request('/wp/v2/pages/31...')
#13 /var/www/html/wp-includes/class-wp-hook.php(341): rest_api_loaded(Object(WP))
#14 /var/www/html/wp-includes/class-wp-hook.php(365): WP_Hook->apply_filters('', Array)
#15 /var/www/html/wp-includes/plugin.php(570): WP_Hook->do_action(Array)
#16 /var/www/html/wp-includes/class-wp.php(418): do_action_ref_array('parse_request', Array)
#17 /var/www/html/wp-includes/class-wp.php(821): WP->parse_request('')
#18 /var/www/html/wp-includes/functions.php(1343): WP->main('')
#19 /var/www/html/wp-blog-header.php(16): wp()
#20 /var/www/html/index.php(17): require('/var/www/html/w...')
#21 {main}
  thrown in /var/www/html/wp-content/plugins/jonas-alexander/project_template.php on line 121
[02-Jan-2026 10:57:31 UTC] PHP Deprecated:  explode(): Passing null to parameter #2 ($string) of type string is deprecated in /var/www/html/wp-content/plugins/jonas-alexander/jonas-alexander.php on line 48
[02-Jan-2026 10:57:31 UTC] PHP Deprecated:  explode(): Passing null to parameter #2 ($string) of type string is deprecated in /var/www/html/wp-content/plugins/jonas-alexander/jonas-alexander.php on line 51
[02-Jan-2026 10:57:31 UTC] PHP Deprecated:  trim(): Passing null to parameter #1 ($string) of type string is deprecated in /var/www/html/wp-content/plugins/jonas-alexander/project_template.php on line 2
[02-Jan-2026 10:57:31 UTC] PHP Fatal error:  Uncaught TypeError: count(): Argument #1 ($value) must be of type Countable|array, null given in /var/www/html/wp-content/plugins/jonas-alexander/project_template.php:121
Stack trace:
#0 /var/www/html/wp-content/plugins/jonas-alexander/jonas-alexander.php(60): require_once()
#1 /var/www/html/wp-content/plugins/jonas-alexander/jonas-alexander.php(32): render_jonasalexander_template('booohking_proje...')
#2 /var/www/html/wp-includes/shortcodes.php(434): {closure}(Array, '', 'booohking_proje...')
#3 [internal function]: do_shortcode_tag(Array)
#4 /var/www/html/wp-includes/shortcodes.php(273): preg_replace_callback('/\\[(\\[?)(booohk...', 'do_shortcode_ta...', '[booohking_proj...')
#5 /var/www/html/wp-includes/class-wp-hook.php(341): do_shortcode('[booohking_proj...')
#6 /var/www/html/wp-includes/plugin.php(205): WP_Hook->apply_filters('[booohking_proj...', Array)
#7 /var/www/html/wp-includes/rest-api/endpoints/class-wp-rest-posts-controller.php(1972): apply_filters('the_content', '<!-- wp:shortco...')
#8 /var/www/html/wp-includes/rest-api/endpoints/class-wp-rest-posts-controller.php(1049): WP_REST_Posts_Controller->prepare_item_for_response(Object(WP_Post), Object(WP_REST_Request))
#9 /var/www/html/wp-includes/rest-api/class-wp-rest-server.php(1292): WP_REST_Posts_Controller->update_item(Object(WP_REST_Request))
#10 /var/www/html/wp-includes/rest-api/class-wp-rest-server.php(1125): WP_REST_Server->respond_to_request(Object(WP_REST_Request), '/wp/v2/pages/(?...', Array, NULL)
#11 /var/www/html/wp-includes/rest-api/class-wp-rest-server.php(439): WP_REST_Server->dispatch(Object(WP_REST_Request))
#12 /var/www/html/wp-includes/rest-api.php(467): WP_REST_Server->serve_request('/wp/v2/pages/31...')
#13 /var/www/html/wp-includes/class-wp-hook.php(341): rest_api_loaded(Object(WP))
#14 /var/www/html/wp-includes/class-wp-hook.php(365): WP_Hook->apply_filters('', Array)
#15 /var/www/html/wp-includes/plugin.php(570): WP_Hook->do_action(Array)
#16 /var/www/html/wp-includes/class-wp.php(418): do_action_ref_array('parse_request', Array)
#17 /var/www/html/wp-includes/class-wp.php(821): WP->parse_request('')
#18 /var/www/html/wp-includes/functions.php(1343): WP->main('')
#19 /var/www/html/wp-blog-header.php(16): wp()
#20 /var/www/html/index.php(17): require('/var/www/html/w...')
#21 {main}
  thrown in /var/www/html/wp-content/plugins/jonas-alexander/project_template.php on line 121
[02-Jan-2026 10:57:44 UTC] PHP Deprecated:  explode(): Passing null to parameter #2 ($string) of type string is deprecated in /var/www/html/wp-content/plugins/jonas-alexander/jonas-alexander.php on line 48
[02-Jan-2026 10:57:44 UTC] PHP Deprecated:  explode(): Passing null to parameter #2 ($string) of type string is deprecated in /var/www/html/wp-content/plugins/jonas-alexander/jonas-alexander.php on line 51
[02-Jan-2026 10:57:44 UTC] PHP Deprecated:  trim(): Passing null to parameter #1 ($string) of type string is deprecated in /var/www/html/wp-content/plugins/jonas-alexander/project_template.php on line 2
[02-Jan-2026 10:57:44 UTC] PHP Fatal error:  Uncaught TypeError: count(): Argument #1 ($value) must be of type Countable|array, null given in /var/www/html/wp-content/plugins/jonas-alexander/project_template.php:121
Stack trace:
#0 /var/www/html/wp-content/plugins/jonas-alexander/jonas-alexander.php(60): require_once()
#1 /var/www/html/wp-content/plugins/jonas-alexander/jonas-alexander.php(32): render_jonasalexander_template('booohking_proje...')
#2 /var/www/html/wp-includes/shortcodes.php(434): {closure}(Array, '', 'booohking_proje...')
#3 [internal function]: do_shortcode_tag(Array)
#4 /var/www/html/wp-includes/shortcodes.php(273): preg_replace_callback('/\\[(\\[?)(booohk...', 'do_shortcode_ta...', '[booohking_proj...')
#5 /var/www/html/wp-includes/class-wp-hook.php(341): do_shortcode('[booohking_proj...')
#6 /var/www/html/wp-includes/plugin.php(205): WP_Hook->apply_filters('[booohking_proj...', Array)
#7 /var/www/html/wp-includes/rest-api/endpoints/class-wp-rest-posts-controller.php(1972): apply_filters('the_content', '<!-- wp:shortco...')
#8 /var/www/html/wp-includes/rest-api/endpoints/class-wp-rest-posts-controller.php(666): WP_REST_Posts_Controller->prepare_item_for_response(Object(WP_Post), Object(WP_REST_Request))
#9 /var/www/html/wp-includes/rest-api/class-wp-rest-server.php(1292): WP_REST_Posts_Controller->get_item(Object(WP_REST_Request))
#10 /var/www/html/wp-includes/rest-api/class-wp-rest-server.php(1125): WP_REST_Server->respond_to_request(Object(WP_REST_Request), '/wp/v2/pages/(?...', Array, NULL)
#11 /var/www/html/wp-includes/rest-api.php(594): WP_REST_Server->dispatch(Object(WP_REST_Request))
#12 /var/www/html/wp-includes/rest-api.php(2981): rest_do_request(Object(WP_REST_Request))
#13 [internal function]: rest_preload_api_request(Array, '/wp/v2/pages/31...')
#14 /var/www/html/wp-includes/block-editor.php(762): array_reduce(Array, 'rest_preload_ap...', Array)
#15 /var/www/html/wp-admin/edit-form-blocks.php(114): block_editor_rest_api_preload(Array, Object(WP_Block_Editor_Context))
#16 /var/www/html/wp-admin/post.php(187): require('/var/www/html/w...')
#17 {main}
  thrown in /var/www/html/wp-content/plugins/jonas-alexander/project_template.php on line 121
[02-Jan-2026 10:57:44 UTC] PHP Deprecated:  explode(): Passing null to parameter #2 ($string) of type string is deprecated in /var/www/html/wp-content/plugins/jonas-alexander/jonas-alexander.php on line 48
[02-Jan-2026 10:57:44 UTC] PHP Deprecated:  explode(): Passing null to parameter #2 ($string) of type string is deprecated in /var/www/html/wp-content/plugins/jonas-alexander/jonas-alexander.php on line 48
[02-Jan-2026 10:57:44 UTC] PHP Deprecated:  explode(): Passing null to parameter #2 ($string) of type string is deprecated in /var/www/html/wp-content/plugins/jonas-alexander/jonas-alexander.php on line 51
[02-Jan-2026 10:57:44 UTC] PHP Deprecated:  explode(): Passing null to parameter #2 ($string) of type string is deprecated in /var/www/html/wp-content/plugins/jonas-alexander/jonas-alexander.php on line 51
[02-Jan-2026 10:57:44 UTC] PHP Deprecated:  trim(): Passing null to parameter #1 ($string) of type string is deprecated in /var/www/html/wp-content/plugins/jonas-alexander/project_template.php on line 2
[02-Jan-2026 10:57:44 UTC] PHP Deprecated:  trim(): Passing null to parameter #1 ($string) of type string is deprecated in /var/www/html/wp-content/plugins/jonas-alexander/project_template.php on line 2
[02-Jan-2026 10:57:44 UTC] PHP Fatal error:  Uncaught TypeError: count(): Argument #1 ($value) must be of type Countable|array, null given in /var/www/html/wp-content/plugins/jonas-alexander/project_template.php:121
Stack trace:
#0 /var/www/html/wp-content/plugins/jonas-alexander/jonas-alexander.php(60): require_once()
#1 /var/www/html/wp-content/plugins/jonas-alexander/jonas-alexander.php(32): render_jonasalexander_template('booohking_proje...')
#2 /var/www/html/wp-includes/shortcodes.php(434): {closure}(Array, '', 'booohking_proje...')
#3 [internal function]: do_shortcode_tag(Array)
#4 /var/www/html/wp-includes/shortcodes.php(273): preg_replace_callback('/\\[(\\[?)(booohk...', 'do_shortcode_ta...', '[booohking_proj...')
#5 /var/www/html/wp-includes/class-wp-hook.php(341): do_shortcode('[booohking_proj...')
#6 /var/www/html/wp-includes/plugin.php(205): WP_Hook->apply_filters('[booohking_proj...', Array)
#7 /var/www/html/wp-includes/rest-api/endpoints/class-wp-rest-posts-controller.php(1972): apply_filters('the_content', '<!-- wp:shortco...')
#8 /var/www/html/wp-includes/rest-api/endpoints/class-wp-rest-posts-controller.php(666): WP_REST_Posts_Controller->prepare_item_for_response(Object(WP_Post), Object(WP_REST_Request))
#9 /var/www/html/wp-includes/rest-api/class-wp-rest-server.php(1292): WP_REST_Posts_Controller->get_item(Object(WP_REST_Request))
#10 /var/www/html/wp-includes/rest-api/class-wp-rest-server.php(1125): WP_REST_Server->respond_to_request(Object(WP_REST_Request), '/wp/v2/pages/(?...', Array, NULL)
#11 /var/www/html/wp-includes/rest-api.php(594): WP_REST_Server->dispatch(Object(WP_REST_Request))
#12 /var/www/html/wp-includes/rest-api.php(2981): rest_do_request(Object(WP_REST_Request))
#13 [internal function]: rest_preload_api_request(Array, '/wp/v2/pages/31...')
#14 /var/www/html/wp-includes/block-editor.php(762): array_reduce(Array, 'rest_preload_ap...', Array)
#15 /var/www/html/wp-admin/edit-form-blocks.php(114): block_editor_rest_api_preload(Array, Object(WP_Block_Editor_Context))
#16 /var/www/html/wp-admin/post.php(187): require('/var/www/html/w...')
#17 {main}
  thrown in /var/www/html/wp-content/plugins/jonas-alexander/project_template.php on line 121
[02-Jan-2026 10:57:44 UTC] PHP Fatal error:  Uncaught TypeError: count(): Argument #1 ($value) must be of type Countable|array, null given in /var/www/html/wp-content/plugins/jonas-alexander/project_template.php:121
Stack trace:
#0 /var/www/html/wp-content/plugins/jonas-alexander/jonas-alexander.php(60): require_once()
#1 /var/www/html/wp-content/plugins/jonas-alexander/jonas-alexander.php(32): render_jonasalexander_template('booohking_proje...')
#2 /var/www/html/wp-includes/shortcodes.php(434): {closure}(Array, '', 'booohking_proje...')
#3 [internal function]: do_shortcode_tag(Array)
#4 /var/www/html/wp-includes/shortcodes.php(273): preg_replace_callback('/\\[(\\[?)(booohk...', 'do_shortcode_ta...', '[booohking_proj...')
#5 /var/www/html/wp-includes/class-wp-hook.php(341): do_shortcode('[booohking_proj...')
#6 /var/www/html/wp-includes/plugin.php(205): WP_Hook->apply_filters('[booohking_proj...', Array)
#7 /var/www/html/wp-includes/rest-api/endpoints/class-wp-rest-posts-controller.php(1972): apply_filters('the_content', '<!-- wp:shortco...')
#8 /var/www/html/wp-includes/rest-api/endpoints/class-wp-rest-posts-controller.php(666): WP_REST_Posts_Controller->prepare_item_for_response(Object(WP_Post), Object(WP_REST_Request))
#9 /var/www/html/wp-includes/rest-api/class-wp-rest-server.php(1292): WP_REST_Posts_Controller->get_item(Object(WP_REST_Request))
#10 /var/www/html/wp-includes/rest-api/class-wp-rest-server.php(1125): WP_REST_Server->respond_to_request(Object(WP_REST_Request), '/wp/v2/pages/(?...', Array, NULL)
#11 /var/www/html/wp-includes/rest-api.php(594): WP_REST_Server->dispatch(Object(WP_REST_Request))
#12 /var/www/html/wp-includes/rest-api.php(2981): rest_do_request(Object(WP_REST_Request))
#13 [internal function]: rest_preload_api_request(Array, '/wp/v2/pages/31...')
#14 /var/www/html/wp-includes/block-editor.php(762): array_reduce(Array, 'rest_preload_ap...', Array)
#15 /var/www/html/wp-admin/edit-form-blocks.php(114): block_editor_rest_api_preload(Array, Object(WP_Block_Editor_Context))
#16 /var/www/html/wp-admin/post.php(187): require('/var/www/html/w...')
#17 {main}
  thrown in /var/www/html/wp-content/plugins/jonas-alexander/project_template.php on line 121
[02-Jan-2026 10:59:18 UTC] PHP Deprecated:  explode(): Passing null to parameter #2 ($string) of type string is deprecated in /var/www/html/wp-content/plugins/jonas-alexander/jonas-alexander.php on line 48
[02-Jan-2026 10:59:18 UTC] PHP Deprecated:  explode(): Passing null to parameter #2 ($string) of type string is deprecated in /var/www/html/wp-content/plugins/jonas-alexander/jonas-alexander.php on line 51
[02-Jan-2026 10:59:18 UTC] PHP Deprecated:  trim(): Passing null to parameter #1 ($string) of type string is deprecated in /var/www/html/wp-content/plugins/jonas-alexander/project_template.php on line 2
[02-Jan-2026 10:59:18 UTC] PHP Fatal error:  Uncaught TypeError: count(): Argument #1 ($value) must be of type Countable|array, null given in /var/www/html/wp-content/plugins/jonas-alexander/project_template.php:121
Stack trace:
#0 /var/www/html/wp-content/plugins/jonas-alexander/jonas-alexander.php(60): require_once()
#1 /var/www/html/wp-content/plugins/jonas-alexander/jonas-alexander.php(32): render_jonasalexander_template('booohking_proje...')
#2 /var/www/html/wp-includes/shortcodes.php(434): {closure}(Array, '', 'booohking_proje...')
#3 [internal function]: do_shortcode_tag(Array)
#4 /var/www/html/wp-includes/shortcodes.php(273): preg_replace_callback('/\\[(\\[?)(booohk...', 'do_shortcode_ta...', '[booohking_proj...')
#5 /var/www/html/wp-includes/class-wp-hook.php(341): do_shortcode('[booohking_proj...')
#6 /var/www/html/wp-includes/plugin.php(205): WP_Hook->apply_filters('[booohking_proj...', Array)
#7 /var/www/html/wp-includes/rest-api/endpoints/class-wp-rest-revisions-controller.php(656): apply_filters('the_content', '<!-- wp:shortco...')
#8 /var/www/html/wp-includes/rest-api/endpoints/class-wp-rest-autosaves-controller.php(460): WP_REST_Revisions_Controller->prepare_item_for_response(Object(WP_Post), Object(WP_REST_Request))
#9 /var/www/html/wp-includes/rest-api/endpoints/class-wp-rest-autosaves-controller.php(253): WP_REST_Autosaves_Controller->prepare_item_for_response(Object(WP_Post), Object(WP_REST_Request))
#10 /var/www/html/wp-includes/rest-api/class-wp-rest-server.php(1292): WP_REST_Autosaves_Controller->create_item(Object(WP_REST_Request))
#11 /var/www/html/wp-includes/rest-api/class-wp-rest-server.php(1125): WP_REST_Server->respond_to_request(Object(WP_REST_Request), '/wp/v2/pages/(?...', Array, NULL)
#12 /var/www/html/wp-includes/rest-api/class-wp-rest-server.php(439): WP_REST_Server->dispatch(Object(WP_REST_Request))
#13 /var/www/html/wp-includes/rest-api.php(467): WP_REST_Server->serve_request('/wp/v2/pages/31...')
#14 /var/www/html/wp-includes/class-wp-hook.php(341): rest_api_loaded(Object(WP))
#15 /var/www/html/wp-includes/class-wp-hook.php(365): WP_Hook->apply_filters('', Array)
#16 /var/www/html/wp-includes/plugin.php(570): WP_Hook->do_action(Array)
#17 /var/www/html/wp-includes/class-wp.php(418): do_action_ref_array('parse_request', Array)
#18 /var/www/html/wp-includes/class-wp.php(821): WP->parse_request('')
#19 /var/www/html/wp-includes/functions.php(1343): WP->main('')
#20 /var/www/html/wp-blog-header.php(16): wp()
#21 /var/www/html/index.php(17): require('/var/www/html/w...')
#22 {main}
  thrown in /var/www/html/wp-content/plugins/jonas-alexander/project_template.php on line 121
[02-Jan-2026 11:00:18 UTC] PHP Deprecated:  explode(): Passing null to parameter #2 ($string) of type string is deprecated in /var/www/html/wp-content/plugins/jonas-alexander/jonas-alexander.php on line 48
[02-Jan-2026 11:00:18 UTC] PHP Deprecated:  explode(): Passing null to parameter #2 ($string) of type string is deprecated in /var/www/html/wp-content/plugins/jonas-alexander/jonas-alexander.php on line 51
[02-Jan-2026 11:00:18 UTC] PHP Deprecated:  trim(): Passing null to parameter #1 ($string) of type string is deprecated in /var/www/html/wp-content/plugins/jonas-alexander/project_template.php on line 2
[02-Jan-2026 11:00:18 UTC] PHP Fatal error:  Uncaught TypeError: count(): Argument #1 ($value) must be of type Countable|array, null given in /var/www/html/wp-content/plugins/jonas-alexander/project_template.php:121
Stack trace:
#0 /var/www/html/wp-content/plugins/jonas-alexander/jonas-alexander.php(60): require_once()
#1 /var/www/html/wp-content/plugins/jonas-alexander/jonas-alexander.php(32): render_jonasalexander_template('booohking_proje...')
#2 /var/www/html/wp-includes/shortcodes.php(434): {closure}(Array, '', 'booohking_proje...')
#3 [internal function]: do_shortcode_tag(Array)
#4 /var/www/html/wp-includes/shortcodes.php(273): preg_replace_callback('/\\[(\\[?)(booohk...', 'do_shortcode_ta...', '[booohking_proj...')
#5 /var/www/html/wp-includes/class-wp-hook.php(341): do_shortcode('[booohking_proj...')
#6 /var/www/html/wp-includes/plugin.php(205): WP_Hook->apply_filters('[booohking_proj...', Array)
#7 /var/www/html/wp-includes/rest-api/endpoints/class-wp-rest-revisions-controller.php(656): apply_filters('the_content', '<!-- wp:shortco...')
#8 /var/www/html/wp-includes/rest-api/endpoints/class-wp-rest-autosaves-controller.php(460): WP_REST_Revisions_Controller->prepare_item_for_response(Object(WP_Post), Object(WP_REST_Request))
#9 /var/www/html/wp-includes/rest-api/endpoints/class-wp-rest-autosaves-controller.php(253): WP_REST_Autosaves_Controller->prepare_item_for_response(Object(WP_Post), Object(WP_REST_Request))
#10 /var/www/html/wp-includes/rest-api/class-wp-rest-server.php(1292): WP_REST_Autosaves_Controller->create_item(Object(WP_REST_Request))
#11 /var/www/html/wp-includes/rest-api/class-wp-rest-server.php(1125): WP_REST_Server->respond_to_request(Object(WP_REST_Request), '/wp/v2/pages/(?...', Array, NULL)
#12 /var/www/html/wp-includes/rest-api/class-wp-rest-server.php(439): WP_REST_Server->dispatch(Object(WP_REST_Request))
#13 /var/www/html/wp-includes/rest-api.php(467): WP_REST_Server->serve_request('/wp/v2/pages/31...')
#14 /var/www/html/wp-includes/class-wp-hook.php(341): rest_api_loaded(Object(WP))
#15 /var/www/html/wp-includes/class-wp-hook.php(365): WP_Hook->apply_filters('', Array)
#16 /var/www/html/wp-includes/plugin.php(570): WP_Hook->do_action(Array)
#17 /var/www/html/wp-includes/class-wp.php(418): do_action_ref_array('parse_request', Array)
#18 /var/www/html/wp-includes/class-wp.php(821): WP->parse_request('')
#19 /var/www/html/wp-includes/functions.php(1343): WP->main('')
#20 /var/www/html/wp-blog-header.php(16): wp()
#21 /var/www/html/index.php(17): require('/var/www/html/w...')
#22 {main}
  thrown in /var/www/html/wp-content/plugins/jonas-alexander/project_template.php on line 121
[02-Jan-2026 11:01:18 UTC] PHP Deprecated:  explode(): Passing null to parameter #2 ($string) of type string is deprecated in /var/www/html/wp-content/plugins/jonas-alexander/jonas-alexander.php on line 48
[02-Jan-2026 11:01:18 UTC] PHP Deprecated:  explode(): Passing null to parameter #2 ($string) of type string is deprecated in /var/www/html/wp-content/plugins/jonas-alexander/jonas-alexander.php on line 51
[02-Jan-2026 11:01:18 UTC] PHP Deprecated:  trim(): Passing null to parameter #1 ($string) of type string is deprecated in /var/www/html/wp-content/plugins/jonas-alexander/project_template.php on line 2
[02-Jan-2026 11:01:18 UTC] PHP Fatal error:  Uncaught TypeError: count(): Argument #1 ($value) must be of type Countable|array, null given in /var/www/html/wp-content/plugins/jonas-alexander/project_template.php:121
Stack trace:
#0 /var/www/html/wp-content/plugins/jonas-alexander/jonas-alexander.php(60): require_once()
#1 /var/www/html/wp-content/plugins/jonas-alexander/jonas-alexander.php(32): render_jonasalexander_template('booohking_proje...')
#2 /var/www/html/wp-includes/shortcodes.php(434): {closure}(Array, '', 'booohking_proje...')
#3 [internal function]: do_shortcode_tag(Array)
#4 /var/www/html/wp-includes/shortcodes.php(273): preg_replace_callback('/\\[(\\[?)(booohk...', 'do_shortcode_ta...', '[booohking_proj...')
#5 /var/www/html/wp-includes/class-wp-hook.php(341): do_shortcode('[booohking_proj...')
#6 /var/www/html/wp-includes/plugin.php(205): WP_Hook->apply_filters('[booohking_proj...', Array)
#7 /var/www/html/wp-includes/rest-api/endpoints/class-wp-rest-revisions-controller.php(656): apply_filters('the_content', '<!-- wp:shortco...')
#8 /var/www/html/wp-includes/rest-api/endpoints/class-wp-rest-autosaves-controller.php(460): WP_REST_Revisions_Controller->prepare_item_for_response(Object(WP_Post), Object(WP_REST_Request))
#9 /var/www/html/wp-includes/rest-api/endpoints/class-wp-rest-autosaves-controller.php(253): WP_REST_Autosaves_Controller->prepare_item_for_response(Object(WP_Post), Object(WP_REST_Request))
#10 /var/www/html/wp-includes/rest-api/class-wp-rest-server.php(1292): WP_REST_Autosaves_Controller->create_item(Object(WP_REST_Request))
#11 /var/www/html/wp-includes/rest-api/class-wp-rest-server.php(1125): WP_REST_Server->respond_to_request(Object(WP_REST_Request), '/wp/v2/pages/(?...', Array, NULL)
#12 /var/www/html/wp-includes/rest-api/class-wp-rest-server.php(439): WP_REST_Server->dispatch(Object(WP_REST_Request))
#13 /var/www/html/wp-includes/rest-api.php(467): WP_REST_Server->serve_request('/wp/v2/pages/31...')
#14 /var/www/html/wp-includes/class-wp-hook.php(341): rest_api_loaded(Object(WP))
#15 /var/www/html/wp-includes/class-wp-hook.php(365): WP_Hook->apply_filters('', Array)
#16 /var/www/html/wp-includes/plugin.php(570): WP_Hook->do_action(Array)
#17 /var/www/html/wp-includes/class-wp.php(418): do_action_ref_array('parse_request', Array)
#18 /var/www/html/wp-includes/class-wp.php(821): WP->parse_request('')
#19 /var/www/html/wp-includes/functions.php(1343): WP->main('')
#20 /var/www/html/wp-blog-header.php(16): wp()
#21 /var/www/html/index.php(17): require('/var/www/html/w...')
#22 {main}
  thrown in /var/www/html/wp-content/plugins/jonas-alexander/project_template.php on line 121
[02-Jan-2026 11:02:18 UTC] PHP Deprecated:  explode(): Passing null to parameter #2 ($string) of type string is deprecated in /var/www/html/wp-content/plugins/jonas-alexander/jonas-alexander.php on line 48
[02-Jan-2026 11:02:18 UTC] PHP Deprecated:  explode(): Passing null to parameter #2 ($string) of type string is deprecated in /var/www/html/wp-content/plugins/jonas-alexander/jonas-alexander.php on line 51
[02-Jan-2026 11:02:18 UTC] PHP Deprecated:  trim(): Passing null to parameter #1 ($string) of type string is deprecated in /var/www/html/wp-content/plugins/jonas-alexander/project_template.php on line 2
[02-Jan-2026 11:02:18 UTC] PHP Fatal error:  Uncaught TypeError: count(): Argument #1 ($value) must be of type Countable|array, null given in /var/www/html/wp-content/plugins/jonas-alexander/project_template.php:121
Stack trace:
#0 /var/www/html/wp-content/plugins/jonas-alexander/jonas-alexander.php(60): require_once()
#1 /var/www/html/wp-content/plugins/jonas-alexander/jonas-alexander.php(32): render_jonasalexander_template('booohking_proje...')
#2 /var/www/html/wp-includes/shortcodes.php(434): {closure}(Array, '', 'booohking_proje...')
#3 [internal function]: do_shortcode_tag(Array)
#4 /var/www/html/wp-includes/shortcodes.php(273): preg_replace_callback('/\\[(\\[?)(booohk...', 'do_shortcode_ta...', '[booohking_proj...')
#5 /var/www/html/wp-includes/class-wp-hook.php(341): do_shortcode('[booohking_proj...')
#6 /var/www/html/wp-includes/plugin.php(205): WP_Hook->apply_filters('[booohking_proj...', Array)
#7 /var/www/html/wp-includes/rest-api/endpoints/class-wp-rest-revisions-controller.php(656): apply_filters('the_content', '<!-- wp:shortco...')
#8 /var/www/html/wp-includes/rest-api/endpoints/class-wp-rest-autosaves-controller.php(460): WP_REST_Revisions_Controller->prepare_item_for_response(Object(WP_Post), Object(WP_REST_Request))
#9 /var/www/html/wp-includes/rest-api/endpoints/class-wp-rest-autosaves-controller.php(253): WP_REST_Autosaves_Controller->prepare_item_for_response(Object(WP_Post), Object(WP_REST_Request))
#10 /var/www/html/wp-includes/rest-api/class-wp-rest-server.php(1292): WP_REST_Autosaves_Controller->create_item(Object(WP_REST_Request))
#11 /var/www/html/wp-includes/rest-api/class-wp-rest-server.php(1125): WP_REST_Server->respond_to_request(Object(WP_REST_Request), '/wp/v2/pages/(?...', Array, NULL)
#12 /var/www/html/wp-includes/rest-api/class-wp-rest-server.php(439): WP_REST_Server->dispatch(Object(WP_REST_Request))
#13 /var/www/html/wp-includes/rest-api.php(467): WP_REST_Server->serve_request('/wp/v2/pages/31...')
#14 /var/www/html/wp-includes/class-wp-hook.php(341): rest_api_loaded(Object(WP))
#15 /var/www/html/wp-includes/class-wp-hook.php(365): WP_Hook->apply_filters('', Array)
#16 /var/www/html/wp-includes/plugin.php(570): WP_Hook->do_action(Array)
#17 /var/www/html/wp-includes/class-wp.php(418): do_action_ref_array('parse_request', Array)
#18 /var/www/html/wp-includes/class-wp.php(821): WP->parse_request('')
#19 /var/www/html/wp-includes/functions.php(1343): WP->main('')
#20 /var/www/html/wp-blog-header.php(16): wp()
#21 /var/www/html/index.php(17): require('/var/www/html/w...')
#22 {main}
  thrown in /var/www/html/wp-content/plugins/jonas-alexander/project_template.php on line 121
[02-Jan-2026 11:03:19 UTC] PHP Deprecated:  explode(): Passing null to parameter #2 ($string) of type string is deprecated in /var/www/html/wp-content/plugins/jonas-alexander/jonas-alexander.php on line 48
[02-Jan-2026 11:03:19 UTC] PHP Deprecated:  explode(): Passing null to parameter #2 ($string) of type string is deprecated in /var/www/html/wp-content/plugins/jonas-alexander/jonas-alexander.php on line 51
[02-Jan-2026 11:03:19 UTC] PHP Deprecated:  trim(): Passing null to parameter #1 ($string) of type string is deprecated in /var/www/html/wp-content/plugins/jonas-alexander/project_template.php on line 2
[02-Jan-2026 11:03:19 UTC] PHP Fatal error:  Uncaught TypeError: count(): Argument #1 ($value) must be of type Countable|array, null given in /var/www/html/wp-content/plugins/jonas-alexander/project_template.php:121
Stack trace:
#0 /var/www/html/wp-content/plugins/jonas-alexander/jonas-alexander.php(60): require_once()
#1 /var/www/html/wp-content/plugins/jonas-alexander/jonas-alexander.php(32): render_jonasalexander_template('booohking_proje...')
#2 /var/www/html/wp-includes/shortcodes.php(434): {closure}(Array, '', 'booohking_proje...')
#3 [internal function]: do_shortcode_tag(Array)
#4 /var/www/html/wp-includes/shortcodes.php(273): preg_replace_callback('/\\[(\\[?)(booohk...', 'do_shortcode_ta...', '[booohking_proj...')
#5 /var/www/html/wp-includes/class-wp-hook.php(341): do_shortcode('[booohking_proj...')
#6 /var/www/html/wp-includes/plugin.php(205): WP_Hook->apply_filters('[booohking_proj...', Array)
#7 /var/www/html/wp-includes/rest-api/endpoints/class-wp-rest-revisions-controller.php(656): apply_filters('the_content', '<!-- wp:shortco...')
#8 /var/www/html/wp-includes/rest-api/endpoints/class-wp-rest-autosaves-controller.php(460): WP_REST_Revisions_Controller->prepare_item_for_response(Object(WP_Post), Object(WP_REST_Request))
#9 /var/www/html/wp-includes/rest-api/endpoints/class-wp-rest-autosaves-controller.php(253): WP_REST_Autosaves_Controller->prepare_item_for_response(Object(WP_Post), Object(WP_REST_Request))
#10 /var/www/html/wp-includes/rest-api/class-wp-rest-server.php(1292): WP_REST_Autosaves_Controller->create_item(Object(WP_REST_Request))
#11 /var/www/html/wp-includes/rest-api/class-wp-rest-server.php(1125): WP_REST_Server->respond_to_request(Object(WP_REST_Request), '/wp/v2/pages/(?...', Array, NULL)
#12 /var/www/html/wp-includes/rest-api/class-wp-rest-server.php(439): WP_REST_Server->dispatch(Object(WP_REST_Request))
#13 /var/www/html/wp-includes/rest-api.php(467): WP_REST_Server->serve_request('/wp/v2/pages/31...')
#14 /var/www/html/wp-includes/class-wp-hook.php(341): rest_api_loaded(Object(WP))
#15 /var/www/html/wp-includes/class-wp-hook.php(365): WP_Hook->apply_filters('', Array)
#16 /var/www/html/wp-includes/plugin.php(570): WP_Hook->do_action(Array)
#17 /var/www/html/wp-includes/class-wp.php(418): do_action_ref_array('parse_request', Array)
#18 /var/www/html/wp-includes/class-wp.php(821): WP->parse_request('')
#19 /var/www/html/wp-includes/functions.php(1343): WP->main('')
#20 /var/www/html/wp-blog-header.php(16): wp()
#21 /var/www/html/index.php(17): require('/var/www/html/w...')
#22 {main}
  thrown in /var/www/html/wp-content/plugins/jonas-alexander/project_template.php on line 121
[02-Jan-2026 11:04:19 UTC] PHP Deprecated:  explode(): Passing null to parameter #2 ($string) of type string is deprecated in /var/www/html/wp-content/plugins/jonas-alexander/jonas-alexander.php on line 48
[02-Jan-2026 11:04:19 UTC] PHP Deprecated:  explode(): Passing null to parameter #2 ($string) of type string is deprecated in /var/www/html/wp-content/plugins/jonas-alexander/jonas-alexander.php on line 51
[02-Jan-2026 11:04:19 UTC] PHP Deprecated:  trim(): Passing null to parameter #1 ($string) of type string is deprecated in /var/www/html/wp-content/plugins/jonas-alexander/project_template.php on line 2
[02-Jan-2026 11:04:19 UTC] PHP Fatal error:  Uncaught TypeError: count(): Argument #1 ($value) must be of type Countable|array, null given in /var/www/html/wp-content/plugins/jonas-alexander/project_template.php:121
Stack trace:
#0 /var/www/html/wp-content/plugins/jonas-alexander/jonas-alexander.php(60): require_once()
#1 /var/www/html/wp-content/plugins/jonas-alexander/jonas-alexander.php(32): render_jonasalexander_template('booohking_proje...')
#2 /var/www/html/wp-includes/shortcodes.php(434): {closure}(Array, '', 'booohking_proje...')
#3 [internal function]: do_shortcode_tag(Array)
#4 /var/www/html/wp-includes/shortcodes.php(273): preg_replace_callback('/\\[(\\[?)(booohk...', 'do_shortcode_ta...', '[booohking_proj...')
#5 /var/www/html/wp-includes/class-wp-hook.php(341): do_shortcode('[booohking_proj...')
#6 /var/www/html/wp-includes/plugin.php(205): WP_Hook->apply_filters('[booohking_proj...', Array)
#7 /var/www/html/wp-includes/rest-api/endpoints/class-wp-rest-revisions-controller.php(656): apply_filters('the_content', '<!-- wp:shortco...')
#8 /var/www/html/wp-includes/rest-api/endpoints/class-wp-rest-autosaves-controller.php(460): WP_REST_Revisions_Controller->prepare_item_for_response(Object(WP_Post), Object(WP_REST_Request))
#9 /var/www/html/wp-includes/rest-api/endpoints/class-wp-rest-autosaves-controller.php(253): WP_REST_Autosaves_Controller->prepare_item_for_response(Object(WP_Post), Object(WP_REST_Request))
#10 /var/www/html/wp-includes/rest-api/class-wp-rest-server.php(1292): WP_REST_Autosaves_Controller->create_item(Object(WP_REST_Request))
#11 /var/www/html/wp-includes/rest-api/class-wp-rest-server.php(1125): WP_REST_Server->respond_to_request(Object(WP_REST_Request), '/wp/v2/pages/(?...', Array, NULL)
#12 /var/www/html/wp-includes/rest-api/class-wp-rest-server.php(439): WP_REST_Server->dispatch(Object(WP_REST_Request))
#13 /var/www/html/wp-includes/rest-api.php(467): WP_REST_Server->serve_request('/wp/v2/pages/31...')
#14 /var/www/html/wp-includes/class-wp-hook.php(341): rest_api_loaded(Object(WP))
#15 /var/www/html/wp-includes/class-wp-hook.php(365): WP_Hook->apply_filters('', Array)
#16 /var/www/html/wp-includes/plugin.php(570): WP_Hook->do_action(Array)
#17 /var/www/html/wp-includes/class-wp.php(418): do_action_ref_array('parse_request', Array)
#18 /var/www/html/wp-includes/class-wp.php(821): WP->parse_request('')
#19 /var/www/html/wp-includes/functions.php(1343): WP->main('')
#20 /var/www/html/wp-blog-header.php(16): wp()
#21 /var/www/html/index.php(17): require('/var/www/html/w...')
#22 {main}
  thrown in /var/www/html/wp-content/plugins/jonas-alexander/project_template.php on line 121
[02-Jan-2026 11:05:19 UTC] PHP Deprecated:  explode(): Passing null to parameter #2 ($string) of type string is deprecated in /var/www/html/wp-content/plugins/jonas-alexander/jonas-alexander.php on line 48
[02-Jan-2026 11:05:19 UTC] PHP Deprecated:  explode(): Passing null to parameter #2 ($string) of type string is deprecated in /var/www/html/wp-content/plugins/jonas-alexander/jonas-alexander.php on line 51
[02-Jan-2026 11:05:19 UTC] PHP Deprecated:  trim(): Passing null to parameter #1 ($string) of type string is deprecated in /var/www/html/wp-content/plugins/jonas-alexander/project_template.php on line 2
[02-Jan-2026 11:05:19 UTC] PHP Fatal error:  Uncaught TypeError: count(): Argument #1 ($value) must be of type Countable|array, null given in /var/www/html/wp-content/plugins/jonas-alexander/project_template.php:121
Stack trace:
#0 /var/www/html/wp-content/plugins/jonas-alexander/jonas-alexander.php(60): require_once()
#1 /var/www/html/wp-content/plugins/jonas-alexander/jonas-alexander.php(32): render_jonasalexander_template('booohking_proje...')
#2 /var/www/html/wp-includes/shortcodes.php(434): {closure}(Array, '', 'booohking_proje...')
#3 [internal function]: do_shortcode_tag(Array)
#4 /var/www/html/wp-includes/shortcodes.php(273): preg_replace_callback('/\\[(\\[?)(booohk...', 'do_shortcode_ta...', '[booohking_proj...')
#5 /var/www/html/wp-includes/class-wp-hook.php(341): do_shortcode('[booohking_proj...')
#6 /var/www/html/wp-includes/plugin.php(205): WP_Hook->apply_filters('[booohking_proj...', Array)
#7 /var/www/html/wp-includes/rest-api/endpoints/class-wp-rest-revisions-controller.php(656): apply_filters('the_content', '<!-- wp:shortco...')
#8 /var/www/html/wp-includes/rest-api/endpoints/class-wp-rest-autosaves-controller.php(460): WP_REST_Revisions_Controller->prepare_item_for_response(Object(WP_Post), Object(WP_REST_Request))
#9 /var/www/html/wp-includes/rest-api/endpoints/class-wp-rest-autosaves-controller.php(253): WP_REST_Autosaves_Controller->prepare_item_for_response(Object(WP_Post), Object(WP_REST_Request))
#10 /var/www/html/wp-includes/rest-api/class-wp-rest-server.php(1292): WP_REST_Autosaves_Controller->create_item(Object(WP_REST_Request))
#11 /var/www/html/wp-includes/rest-api/class-wp-rest-server.php(1125): WP_REST_Server->respond_to_request(Object(WP_REST_Request), '/wp/v2/pages/(?...', Array, NULL)
#12 /var/www/html/wp-includes/rest-api/class-wp-rest-server.php(439): WP_REST_Server->dispatch(Object(WP_REST_Request))
#13 /var/www/html/wp-includes/rest-api.php(467): WP_REST_Server->serve_request('/wp/v2/pages/31...')
#14 /var/www/html/wp-includes/class-wp-hook.php(341): rest_api_loaded(Object(WP))
#15 /var/www/html/wp-includes/class-wp-hook.php(365): WP_Hook->apply_filters('', Array)
#16 /var/www/html/wp-includes/plugin.php(570): WP_Hook->do_action(Array)
#17 /var/www/html/wp-includes/class-wp.php(418): do_action_ref_array('parse_request', Array)
#18 /var/www/html/wp-includes/class-wp.php(821): WP->parse_request('')
#19 /var/www/html/wp-includes/functions.php(1343): WP->main('')
#20 /var/www/html/wp-blog-header.php(16): wp()
#21 /var/www/html/index.php(17): require('/var/www/html/w...')
#22 {main}
  thrown in /var/www/html/wp-content/plugins/jonas-alexander/project_template.php on line 121
[02-Jan-2026 11:05:32 UTC] PHP Deprecated:  explode(): Passing null to parameter #2 ($string) of type string is deprecated in /var/www/html/wp-content/plugins/jonas-alexander/jonas-alexander.php on line 48
[02-Jan-2026 11:05:32 UTC] PHP Deprecated:  explode(): Passing null to parameter #2 ($string) of type string is deprecated in /var/www/html/wp-content/plugins/jonas-alexander/jonas-alexander.php on line 51
[02-Jan-2026 11:05:32 UTC] PHP Deprecated:  trim(): Passing null to parameter #1 ($string) of type string is deprecated in /var/www/html/wp-content/plugins/jonas-alexander/project_template.php on line 2
[02-Jan-2026 11:05:32 UTC] PHP Fatal error:  Uncaught TypeError: count(): Argument #1 ($value) must be of type Countable|array, null given in /var/www/html/wp-content/plugins/jonas-alexander/project_template.php:121
Stack trace:
#0 /var/www/html/wp-content/plugins/jonas-alexander/jonas-alexander.php(60): require_once()
#1 /var/www/html/wp-content/plugins/jonas-alexander/jonas-alexander.php(32): render_jonasalexander_template('booohking_proje...')
#2 /var/www/html/wp-includes/shortcodes.php(434): {closure}(Array, '', 'booohking_proje...')
#3 [internal function]: do_shortcode_tag(Array)
#4 /var/www/html/wp-includes/shortcodes.php(273): preg_replace_callback('/\\[(\\[?)(booohk...', 'do_shortcode_ta...', '[booohking_proj...')
#5 /var/www/html/wp-includes/class-wp-hook.php(341): do_shortcode('[booohking_proj...')
#6 /var/www/html/wp-includes/plugin.php(205): WP_Hook->apply_filters('[booohking_proj...', Array)
#7 /var/www/html/wp-includes/rest-api/endpoints/class-wp-rest-posts-controller.php(1972): apply_filters('the_content', '<!-- wp:shortco...')
#8 /var/www/html/wp-includes/rest-api/endpoints/class-wp-rest-posts-controller.php(1049): WP_REST_Posts_Controller->prepare_item_for_response(Object(WP_Post), Object(WP_REST_Request))
#9 /var/www/html/wp-includes/rest-api/class-wp-rest-server.php(1292): WP_REST_Posts_Controller->update_item(Object(WP_REST_Request))
#10 /var/www/html/wp-includes/rest-api/class-wp-rest-server.php(1125): WP_REST_Server->respond_to_request(Object(WP_REST_Request), '/wp/v2/pages/(?...', Array, NULL)
#11 /var/www/html/wp-includes/rest-api/class-wp-rest-server.php(439): WP_REST_Server->dispatch(Object(WP_REST_Request))
#12 /var/www/html/wp-includes/rest-api.php(467): WP_REST_Server->serve_request('/wp/v2/pages/31...')
#13 /var/www/html/wp-includes/class-wp-hook.php(341): rest_api_loaded(Object(WP))
#14 /var/www/html/wp-includes/class-wp-hook.php(365): WP_Hook->apply_filters('', Array)
#15 /var/www/html/wp-includes/plugin.php(570): WP_Hook->do_action(Array)
#16 /var/www/html/wp-includes/class-wp.php(418): do_action_ref_array('parse_request', Array)
#17 /var/www/html/wp-includes/class-wp.php(821): WP->parse_request('')
#18 /var/www/html/wp-includes/functions.php(1343): WP->main('')
#19 /var/www/html/wp-blog-header.php(16): wp()
#20 /var/www/html/index.php(17): require('/var/www/html/w...')
#21 {main}
  thrown in /var/www/html/wp-content/plugins/jonas-alexander/project_template.php on line 121
[02-Jan-2026 11:05:50 UTC] PHP Deprecated:  explode(): Passing null to parameter #2 ($string) of type string is deprecated in /var/www/html/wp-content/plugins/jonas-alexander/jonas-alexander.php on line 48
[02-Jan-2026 11:05:50 UTC] PHP Deprecated:  explode(): Passing null to parameter #2 ($string) of type string is deprecated in /var/www/html/wp-content/plugins/jonas-alexander/jonas-alexander.php on line 51
[02-Jan-2026 11:05:50 UTC] PHP Deprecated:  trim(): Passing null to parameter #1 ($string) of type string is deprecated in /var/www/html/wp-content/plugins/jonas-alexander/project_template.php on line 2
[02-Jan-2026 11:05:50 UTC] PHP Fatal error:  Uncaught TypeError: count(): Argument #1 ($value) must be of type Countable|array, null given in /var/www/html/wp-content/plugins/jonas-alexander/project_template.php:121
Stack trace:
#0 /var/www/html/wp-content/plugins/jonas-alexander/jonas-alexander.php(60): require_once()
#1 /var/www/html/wp-content/plugins/jonas-alexander/jonas-alexander.php(32): render_jonasalexander_template('booohking_proje...')
#2 /var/www/html/wp-includes/shortcodes.php(434): {closure}(Array, '', 'booohking_proje...')
#3 [internal function]: do_shortcode_tag(Array)
#4 /var/www/html/wp-includes/shortcodes.php(273): preg_replace_callback('/\\[(\\[?)(booohk...', 'do_shortcode_ta...', '[booohking_proj...')
#5 /var/www/html/wp-includes/class-wp-hook.php(341): do_shortcode('[booohking_proj...')
#6 /var/www/html/wp-includes/plugin.php(205): WP_Hook->apply_filters('[booohking_proj...', Array)
#7 /var/www/html/wp-includes/rest-api/endpoints/class-wp-rest-posts-controller.php(1972): apply_filters('the_content', '<!-- wp:shortco...')
#8 /var/www/html/wp-includes/rest-api/endpoints/class-wp-rest-posts-controller.php(666): WP_REST_Posts_Controller->prepare_item_for_response(Object(WP_Post), Object(WP_REST_Request))
#9 /var/www/html/wp-includes/rest-api/class-wp-rest-server.php(1292): WP_REST_Posts_Controller->get_item(Object(WP_REST_Request))
#10 /var/www/html/wp-includes/rest-api/class-wp-rest-server.php(1125): WP_REST_Server->respond_to_request(Object(WP_REST_Request), '/wp/v2/pages/(?...', Array, NULL)
#11 /var/www/html/wp-includes/rest-api.php(594): WP_REST_Server->dispatch(Object(WP_REST_Request))
#12 /var/www/html/wp-includes/rest-api.php(2981): rest_do_request(Object(WP_REST_Request))
#13 [internal function]: rest_preload_api_request(Array, '/wp/v2/pages/31...')
#14 /var/www/html/wp-includes/block-editor.php(762): array_reduce(Array, 'rest_preload_ap...', Array)
#15 /var/www/html/wp-admin/edit-form-blocks.php(114): block_editor_rest_api_preload(Array, Object(WP_Block_Editor_Context))
#16 /var/www/html/wp-admin/post.php(187): require('/var/www/html/w...')
#17 {main}
  thrown in /var/www/html/wp-content/plugins/jonas-alexander/project_template.php on line 121
[02-Jan-2026 11:05:50 UTC] PHP Deprecated:  explode(): Passing null to parameter #2 ($string) of type string is deprecated in /var/www/html/wp-content/plugins/jonas-alexander/jonas-alexander.php on line 48
[02-Jan-2026 11:05:50 UTC] PHP Deprecated:  explode(): Passing null to parameter #2 ($string) of type string is deprecated in /var/www/html/wp-content/plugins/jonas-alexander/jonas-alexander.php on line 48
[02-Jan-2026 11:05:50 UTC] PHP Deprecated:  explode(): Passing null to parameter #2 ($string) of type string is deprecated in /var/www/html/wp-content/plugins/jonas-alexander/jonas-alexander.php on line 51
[02-Jan-2026 11:05:50 UTC] PHP Deprecated:  explode(): Passing null to parameter #2 ($string) of type string is deprecated in /var/www/html/wp-content/plugins/jonas-alexander/jonas-alexander.php on line 51
[02-Jan-2026 11:05:50 UTC] PHP Deprecated:  trim(): Passing null to parameter #1 ($string) of type string is deprecated in /var/www/html/wp-content/plugins/jonas-alexander/project_template.php on line 2
[02-Jan-2026 11:05:50 UTC] PHP Deprecated:  trim(): Passing null to parameter #1 ($string) of type string is deprecated in /var/www/html/wp-content/plugins/jonas-alexander/project_template.php on line 2
[02-Jan-2026 11:05:50 UTC] PHP Fatal error:  Uncaught TypeError: count(): Argument #1 ($value) must be of type Countable|array, null given in /var/www/html/wp-content/plugins/jonas-alexander/project_template.php:121
Stack trace:
#0 /var/www/html/wp-content/plugins/jonas-alexander/jonas-alexander.php(60): require_once()
#1 /var/www/html/wp-content/plugins/jonas-alexander/jonas-alexander.php(32): render_jonasalexander_template('booohking_proje...')
#2 /var/www/html/wp-includes/shortcodes.php(434): {closure}(Array, '', 'booohking_proje...')
#3 [internal function]: do_shortcode_tag(Array)
#4 /var/www/html/wp-includes/shortcodes.php(273): preg_replace_callback('/\\[(\\[?)(booohk...', 'do_shortcode_ta...', '[booohking_proj...')
#5 /var/www/html/wp-includes/class-wp-hook.php(341): do_shortcode('[booohking_proj...')
#6 /var/www/html/wp-includes/plugin.php(205): WP_Hook->apply_filters('[booohking_proj...', Array)
#7 /var/www/html/wp-includes/rest-api/endpoints/class-wp-rest-posts-controller.php(1972): apply_filters('the_content', '<!-- wp:shortco...')
#8 /var/www/html/wp-includes/rest-api/endpoints/class-wp-rest-posts-controller.php(666): WP_REST_Posts_Controller->prepare_item_for_response(Object(WP_Post), Object(WP_REST_Request))
#9 /var/www/html/wp-includes/rest-api/class-wp-rest-server.php(1292): WP_REST_Posts_Controller->get_item(Object(WP_REST_Request))
#10 /var/www/html/wp-includes/rest-api/class-wp-rest-server.php(1125): WP_REST_Server->respond_to_request(Object(WP_REST_Request), '/wp/v2/pages/(?...', Array, NULL)
#11 /var/www/html/wp-includes/rest-api.php(594): WP_REST_Server->dispatch(Object(WP_REST_Request))
#12 /var/www/html/wp-includes/rest-api.php(2981): rest_do_request(Object(WP_REST_Request))
#13 [internal function]: rest_preload_api_request(Array, '/wp/v2/pages/31...')
#14 /var/www/html/wp-includes/block-editor.php(762): array_reduce(Array, 'rest_preload_ap...', Array)
#15 /var/www/html/wp-admin/edit-form-blocks.php(114): block_editor_rest_api_preload(Array, Object(WP_Block_Editor_Context))
#16 /var/www/html/wp-admin/post.php(187): require('/var/www/html/w...')
#17 {main}
  thrown in /var/www/html/wp-content/plugins/jonas-alexander/project_template.php on line 121
[02-Jan-2026 11:05:50 UTC] PHP Fatal error:  Uncaught TypeError: count(): Argument #1 ($value) must be of type Countable|array, null given in /var/www/html/wp-content/plugins/jonas-alexander/project_template.php:121
Stack trace:
#0 /var/www/html/wp-content/plugins/jonas-alexander/jonas-alexander.php(60): require_once()
#1 /var/www/html/wp-content/plugins/jonas-alexander/jonas-alexander.php(32): render_jonasalexander_template('booohking_proje...')
#2 /var/www/html/wp-includes/shortcodes.php(434): {closure}(Array, '', 'booohking_proje...')
#3 [internal function]: do_shortcode_tag(Array)
#4 /var/www/html/wp-includes/shortcodes.php(273): preg_replace_callback('/\\[(\\[?)(booohk...', 'do_shortcode_ta...', '[booohking_proj...')
#5 /var/www/html/wp-includes/class-wp-hook.php(341): do_shortcode('[booohking_proj...')
#6 /var/www/html/wp-includes/plugin.php(205): WP_Hook->apply_filters('[booohking_proj...', Array)
#7 /var/www/html/wp-includes/rest-api/endpoints/class-wp-rest-posts-controller.php(1972): apply_filters('the_content', '<!-- wp:shortco...')
#8 /var/www/html/wp-includes/rest-api/endpoints/class-wp-rest-posts-controller.php(666): WP_REST_Posts_Controller->prepare_item_for_response(Object(WP_Post), Object(WP_REST_Request))
#9 /var/www/html/wp-includes/rest-api/class-wp-rest-server.php(1292): WP_REST_Posts_Controller->get_item(Object(WP_REST_Request))
#10 /var/www/html/wp-includes/rest-api/class-wp-rest-server.php(1125): WP_REST_Server->respond_to_request(Object(WP_REST_Request), '/wp/v2/pages/(?...', Array, NULL)
#11 /var/www/html/wp-includes/rest-api.php(594): WP_REST_Server->dispatch(Object(WP_REST_Request))
#12 /var/www/html/wp-includes/rest-api.php(2981): rest_do_request(Object(WP_REST_Request))
#13 [internal function]: rest_preload_api_request(Array, '/wp/v2/pages/31...')
#14 /var/www/html/wp-includes/block-editor.php(762): array_reduce(Array, 'rest_preload_ap...', Array)
#15 /var/www/html/wp-admin/edit-form-blocks.php(114): block_editor_rest_api_preload(Array, Object(WP_Block_Editor_Context))
#16 /var/www/html/wp-admin/post.php(187): require('/var/www/html/w...')
#17 {main}
  thrown in /var/www/html/wp-content/plugins/jonas-alexander/project_template.php on line 121
[02-Jan-2026 11:06:16 UTC] PHP Deprecated:  explode(): Passing null to parameter #2 ($string) of type string is deprecated in /var/www/html/wp-content/plugins/jonas-alexander/jonas-alexander.php on line 48
[02-Jan-2026 11:06:16 UTC] PHP Deprecated:  explode(): Passing null to parameter #2 ($string) of type string is deprecated in /var/www/html/wp-content/plugins/jonas-alexander/jonas-alexander.php on line 51
[02-Jan-2026 11:06:16 UTC] PHP Deprecated:  trim(): Passing null to parameter #1 ($string) of type string is deprecated in /var/www/html/wp-content/plugins/jonas-alexander/project_template.php on line 2
[02-Jan-2026 11:06:16 UTC] PHP Fatal error:  Uncaught TypeError: count(): Argument #1 ($value) must be of type Countable|array, null given in /var/www/html/wp-content/plugins/jonas-alexander/project_template.php:121
Stack trace:
#0 /var/www/html/wp-content/plugins/jonas-alexander/jonas-alexander.php(60): require_once()
#1 /var/www/html/wp-content/plugins/jonas-alexander/jonas-alexander.php(32): render_jonasalexander_template('booohking_proje...')
#2 /var/www/html/wp-includes/shortcodes.php(434): {closure}(Array, '', 'booohking_proje...')
#3 [internal function]: do_shortcode_tag(Array)
#4 /var/www/html/wp-includes/shortcodes.php(273): preg_replace_callback('/\\[(\\[?)(booohk...', 'do_shortcode_ta...', '[booohking_proj...')
#5 /var/www/html/wp-includes/class-wp-hook.php(341): do_shortcode('[booohking_proj...')
#6 /var/www/html/wp-includes/plugin.php(205): WP_Hook->apply_filters('[booohking_proj...', Array)
#7 /var/www/html/wp-includes/rest-api/endpoints/class-wp-rest-posts-controller.php(1972): apply_filters('the_content', '<!-- wp:shortco...')
#8 /var/www/html/wp-includes/rest-api/endpoints/class-wp-rest-posts-controller.php(1049): WP_REST_Posts_Controller->prepare_item_for_response(Object(WP_Post), Object(WP_REST_Request))
#9 /var/www/html/wp-includes/rest-api/class-wp-rest-server.php(1292): WP_REST_Posts_Controller->update_item(Object(WP_REST_Request))
#10 /var/www/html/wp-includes/rest-api/class-wp-rest-server.php(1125): WP_REST_Server->respond_to_request(Object(WP_REST_Request), '/wp/v2/pages/(?...', Array, NULL)
#11 /var/www/html/wp-includes/rest-api/class-wp-rest-server.php(439): WP_REST_Server->dispatch(Object(WP_REST_Request))
#12 /var/www/html/wp-includes/rest-api.php(467): WP_REST_Server->serve_request('/wp/v2/pages/31...')
#13 /var/www/html/wp-includes/class-wp-hook.php(341): rest_api_loaded(Object(WP))
#14 /var/www/html/wp-includes/class-wp-hook.php(365): WP_Hook->apply_filters('', Array)
#15 /var/www/html/wp-includes/plugin.php(570): WP_Hook->do_action(Array)
#16 /var/www/html/wp-includes/class-wp.php(418): do_action_ref_array('parse_request', Array)
#17 /var/www/html/wp-includes/class-wp.php(821): WP->parse_request('')
#18 /var/www/html/wp-includes/functions.php(1343): WP->main('')
#19 /var/www/html/wp-blog-header.php(16): wp()
#20 /var/www/html/index.php(17): require('/var/www/html/w...')
#21 {main}
  thrown in /var/www/html/wp-content/plugins/jonas-alexander/project_template.php on line 121
[02-Jan-2026 11:06:19 UTC] PHP Deprecated:  explode(): Passing null to parameter #2 ($string) of type string is deprecated in /var/www/html/wp-content/plugins/jonas-alexander/jonas-alexander.php on line 48
[02-Jan-2026 11:06:19 UTC] PHP Deprecated:  explode(): Passing null to parameter #2 ($string) of type string is deprecated in /var/www/html/wp-content/plugins/jonas-alexander/jonas-alexander.php on line 51
[02-Jan-2026 11:06:19 UTC] PHP Deprecated:  trim(): Passing null to parameter #1 ($string) of type string is deprecated in /var/www/html/wp-content/plugins/jonas-alexander/project_template.php on line 2
[02-Jan-2026 11:06:19 UTC] PHP Fatal error:  Uncaught TypeError: count(): Argument #1 ($value) must be of type Countable|array, null given in /var/www/html/wp-content/plugins/jonas-alexander/project_template.php:121
Stack trace:
#0 /var/www/html/wp-content/plugins/jonas-alexander/jonas-alexander.php(60): require_once()
#1 /var/www/html/wp-content/plugins/jonas-alexander/jonas-alexander.php(32): render_jonasalexander_template('booohking_proje...')
#2 /var/www/html/wp-includes/shortcodes.php(434): {closure}(Array, '', 'booohking_proje...')
#3 [internal function]: do_shortcode_tag(Array)
#4 /var/www/html/wp-includes/shortcodes.php(273): preg_replace_callback('/\\[(\\[?)(booohk...', 'do_shortcode_ta...', '[booohking_proj...')
#5 /var/www/html/wp-includes/class-wp-hook.php(341): do_shortcode('[booohking_proj...')
#6 /var/www/html/wp-includes/plugin.php(205): WP_Hook->apply_filters('[booohking_proj...', Array)
#7 /var/www/html/wp-includes/rest-api/endpoints/class-wp-rest-revisions-controller.php(656): apply_filters('the_content', '<!-- wp:shortco...')
#8 /var/www/html/wp-includes/rest-api/endpoints/class-wp-rest-autosaves-controller.php(460): WP_REST_Revisions_Controller->prepare_item_for_response(Object(WP_Post), Object(WP_REST_Request))
#9 /var/www/html/wp-includes/rest-api/endpoints/class-wp-rest-autosaves-controller.php(253): WP_REST_Autosaves_Controller->prepare_item_for_response(Object(WP_Post), Object(WP_REST_Request))
#10 /var/www/html/wp-includes/rest-api/class-wp-rest-server.php(1292): WP_REST_Autosaves_Controller->create_item(Object(WP_REST_Request))
#11 /var/www/html/wp-includes/rest-api/class-wp-rest-server.php(1125): WP_REST_Server->respond_to_request(Object(WP_REST_Request), '/wp/v2/pages/(?...', Array, NULL)
#12 /var/www/html/wp-includes/rest-api/class-wp-rest-server.php(439): WP_REST_Server->dispatch(Object(WP_REST_Request))
#13 /var/www/html/wp-includes/rest-api.php(467): WP_REST_Server->serve_request('/wp/v2/pages/31...')
#14 /var/www/html/wp-includes/class-wp-hook.php(341): rest_api_loaded(Object(WP))
#15 /var/www/html/wp-includes/class-wp-hook.php(365): WP_Hook->apply_filters('', Array)
#16 /var/www/html/wp-includes/plugin.php(570): WP_Hook->do_action(Array)
#17 /var/www/html/wp-includes/class-wp.php(418): do_action_ref_array('parse_request', Array)
#18 /var/www/html/wp-includes/class-wp.php(821): WP->parse_request('')
#19 /var/www/html/wp-includes/functions.php(1343): WP->main('')
#20 /var/www/html/wp-blog-header.php(16): wp()
#21 /var/www/html/index.php(17): require('/var/www/html/w...')
#22 {main}
  thrown in /var/www/html/wp-content/plugins/jonas-alexander/project_template.php on line 121
[02-Jan-2026 11:06:33 UTC] PHP Deprecated:  explode(): Passing null to parameter #2 ($string) of type string is deprecated in /var/www/html/wp-content/plugins/jonas-alexander/jonas-alexander.php on line 48
[02-Jan-2026 11:06:33 UTC] PHP Deprecated:  explode(): Passing null to parameter #2 ($string) of type string is deprecated in /var/www/html/wp-content/plugins/jonas-alexander/jonas-alexander.php on line 51
[02-Jan-2026 11:06:33 UTC] PHP Deprecated:  trim(): Passing null to parameter #1 ($string) of type string is deprecated in /var/www/html/wp-content/plugins/jonas-alexander/project_template.php on line 2
[02-Jan-2026 11:06:33 UTC] PHP Fatal error:  Uncaught TypeError: count(): Argument #1 ($value) must be of type Countable|array, null given in /var/www/html/wp-content/plugins/jonas-alexander/project_template.php:121
Stack trace:
#0 /var/www/html/wp-content/plugins/jonas-alexander/jonas-alexander.php(60): require_once()
#1 /var/www/html/wp-content/plugins/jonas-alexander/jonas-alexander.php(32): render_jonasalexander_template('booohking_proje...')
#2 /var/www/html/wp-includes/shortcodes.php(434): {closure}(Array, '', 'booohking_proje...')
#3 [internal function]: do_shortcode_tag(Array)
#4 /var/www/html/wp-includes/shortcodes.php(273): preg_replace_callback('/\\[(\\[?)(booohk...', 'do_shortcode_ta...', '[booohking_proj...')
#5 /var/www/html/wp-includes/class-wp-hook.php(341): do_shortcode('[booohking_proj...')
#6 /var/www/html/wp-includes/plugin.php(205): WP_Hook->apply_filters('[booohking_proj...', Array)
#7 /var/www/html/wp-includes/rest-api/endpoints/class-wp-rest-posts-controller.php(1972): apply_filters('the_content', '<!-- wp:shortco...')
#8 /var/www/html/wp-includes/rest-api/endpoints/class-wp-rest-posts-controller.php(1049): WP_REST_Posts_Controller->prepare_item_for_response(Object(WP_Post), Object(WP_REST_Request))
#9 /var/www/html/wp-includes/rest-api/class-wp-rest-server.php(1292): WP_REST_Posts_Controller->update_item(Object(WP_REST_Request))
#10 /var/www/html/wp-includes/rest-api/class-wp-rest-server.php(1125): WP_REST_Server->respond_to_request(Object(WP_REST_Request), '/wp/v2/pages/(?...', Array, NULL)
#11 /var/www/html/wp-includes/rest-api/class-wp-rest-server.php(439): WP_REST_Server->dispatch(Object(WP_REST_Request))
#12 /var/www/html/wp-includes/rest-api.php(467): WP_REST_Server->serve_request('/wp/v2/pages/31...')
#13 /var/www/html/wp-includes/class-wp-hook.php(341): rest_api_loaded(Object(WP))
#14 /var/www/html/wp-includes/class-wp-hook.php(365): WP_Hook->apply_filters('', Array)
#15 /var/www/html/wp-includes/plugin.php(570): WP_Hook->do_action(Array)
#16 /var/www/html/wp-includes/class-wp.php(418): do_action_ref_array('parse_request', Array)
#17 /var/www/html/wp-includes/class-wp.php(821): WP->parse_request('')
#18 /var/www/html/wp-includes/functions.php(1343): WP->main('')
#19 /var/www/html/wp-blog-header.php(16): wp()
#20 /var/www/html/index.php(17): require('/var/www/html/w...')
#21 {main}
  thrown in /var/www/html/wp-content/plugins/jonas-alexander/project_template.php on line 121
[02-Jan-2026 11:07:19 UTC] PHP Deprecated:  explode(): Passing null to parameter #2 ($string) of type string is deprecated in /var/www/html/wp-content/plugins/jonas-alexander/jonas-alexander.php on line 48
[02-Jan-2026 11:07:19 UTC] PHP Deprecated:  explode(): Passing null to parameter #2 ($string) of type string is deprecated in /var/www/html/wp-content/plugins/jonas-alexander/jonas-alexander.php on line 51
[02-Jan-2026 11:07:19 UTC] PHP Deprecated:  trim(): Passing null to parameter #1 ($string) of type string is deprecated in /var/www/html/wp-content/plugins/jonas-alexander/project_template.php on line 2
[02-Jan-2026 11:07:19 UTC] PHP Fatal error:  Uncaught TypeError: count(): Argument #1 ($value) must be of type Countable|array, null given in /var/www/html/wp-content/plugins/jonas-alexander/project_template.php:121
Stack trace:
#0 /var/www/html/wp-content/plugins/jonas-alexander/jonas-alexander.php(60): require_once()
#1 /var/www/html/wp-content/plugins/jonas-alexander/jonas-alexander.php(32): render_jonasalexander_template('booohking_proje...')
#2 /var/www/html/wp-includes/shortcodes.php(434): {closure}(Array, '', 'booohking_proje...')
#3 [internal function]: do_shortcode_tag(Array)
#4 /var/www/html/wp-includes/shortcodes.php(273): preg_replace_callback('/\\[(\\[?)(booohk...', 'do_shortcode_ta...', '[booohking_proj...')
#5 /var/www/html/wp-includes/class-wp-hook.php(341): do_shortcode('[booohking_proj...')
#6 /var/www/html/wp-includes/plugin.php(205): WP_Hook->apply_filters('[booohking_proj...', Array)
#7 /var/www/html/wp-includes/rest-api/endpoints/class-wp-rest-revisions-controller.php(656): apply_filters('the_content', '<!-- wp:shortco...')
#8 /var/www/html/wp-includes/rest-api/endpoints/class-wp-rest-autosaves-controller.php(460): WP_REST_Revisions_Controller->prepare_item_for_response(Object(WP_Post), Object(WP_REST_Request))
#9 /var/www/html/wp-includes/rest-api/endpoints/class-wp-rest-autosaves-controller.php(253): WP_REST_Autosaves_Controller->prepare_item_for_response(Object(WP_Post), Object(WP_REST_Request))
#10 /var/www/html/wp-includes/rest-api/class-wp-rest-server.php(1292): WP_REST_Autosaves_Controller->create_item(Object(WP_REST_Request))
#11 /var/www/html/wp-includes/rest-api/class-wp-rest-server.php(1125): WP_REST_Server->respond_to_request(Object(WP_REST_Request), '/wp/v2/pages/(?...', Array, NULL)
#12 /var/www/html/wp-includes/rest-api/class-wp-rest-server.php(439): WP_REST_Server->dispatch(Object(WP_REST_Request))
#13 /var/www/html/wp-includes/rest-api.php(467): WP_REST_Server->serve_request('/wp/v2/pages/31...')
#14 /var/www/html/wp-includes/class-wp-hook.php(341): rest_api_loaded(Object(WP))
#15 /var/www/html/wp-includes/class-wp-hook.php(365): WP_Hook->apply_filters('', Array)
#16 /var/www/html/wp-includes/plugin.php(570): WP_Hook->do_action(Array)
#17 /var/www/html/wp-includes/class-wp.php(418): do_action_ref_array('parse_request', Array)
#18 /var/www/html/wp-includes/class-wp.php(821): WP->parse_request('')
#19 /var/www/html/wp-includes/functions.php(1343): WP->main('')
#20 /var/www/html/wp-blog-header.php(16): wp()
#21 /var/www/html/index.php(17): require('/var/www/html/w...')
#22 {main}
  thrown in /var/www/html/wp-content/plugins/jonas-alexander/project_template.php on line 121
[02-Jan-2026 11:08:26 UTC] PHP Deprecated:  explode(): Passing null to parameter #2 ($string) of type string is deprecated in /var/www/html/wp-content/plugins/jonas-alexander/jonas-alexander.php on line 48
[02-Jan-2026 11:08:26 UTC] PHP Deprecated:  explode(): Passing null to parameter #2 ($string) of type string is deprecated in /var/www/html/wp-content/plugins/jonas-alexander/jonas-alexander.php on line 51
[02-Jan-2026 11:08:26 UTC] PHP Deprecated:  trim(): Passing null to parameter #1 ($string) of type string is deprecated in /var/www/html/wp-content/plugins/jonas-alexander/project_template.php on line 2
[02-Jan-2026 11:08:26 UTC] PHP Fatal error:  Uncaught TypeError: count(): Argument #1 ($value) must be of type Countable|array, null given in /var/www/html/wp-content/plugins/jonas-alexander/project_template.php:121
Stack trace:
#0 /var/www/html/wp-content/plugins/jonas-alexander/jonas-alexander.php(60): require_once()
#1 /var/www/html/wp-content/plugins/jonas-alexander/jonas-alexander.php(32): render_jonasalexander_template('booohking_proje...')
#2 /var/www/html/wp-includes/shortcodes.php(434): {closure}(Array, '', 'booohking_proje...')
#3 [internal function]: do_shortcode_tag(Array)
#4 /var/www/html/wp-includes/shortcodes.php(273): preg_replace_callback('/\\[(\\[?)(booohk...', 'do_shortcode_ta...', '[booohking_proj...')
#5 /var/www/html/wp-includes/class-wp-hook.php(341): do_shortcode('[booohking_proj...')
#6 /var/www/html/wp-includes/plugin.php(205): WP_Hook->apply_filters('[booohking_proj...', Array)
#7 /var/www/html/wp-includes/rest-api/endpoints/class-wp-rest-posts-controller.php(1972): apply_filters('the_content', '<!-- wp:shortco...')
#8 /var/www/html/wp-includes/rest-api/endpoints/class-wp-rest-posts-controller.php(666): WP_REST_Posts_Controller->prepare_item_for_response(Object(WP_Post), Object(WP_REST_Request))
#9 /var/www/html/wp-includes/rest-api/class-wp-rest-server.php(1292): WP_REST_Posts_Controller->get_item(Object(WP_REST_Request))
#10 /var/www/html/wp-includes/rest-api/class-wp-rest-server.php(1125): WP_REST_Server->respond_to_request(Object(WP_REST_Request), '/wp/v2/pages/(?...', Array, NULL)
#11 /var/www/html/wp-includes/rest-api.php(594): WP_REST_Server->dispatch(Object(WP_REST_Request))
#12 /var/www/html/wp-includes/rest-api.php(2981): rest_do_request(Object(WP_REST_Request))
#13 [internal function]: rest_preload_api_request(Array, '/wp/v2/pages/31...')
#14 /var/www/html/wp-includes/block-editor.php(762): array_reduce(Array, 'rest_preload_ap...', Array)
#15 /var/www/html/wp-admin/edit-form-blocks.php(114): block_editor_rest_api_preload(Array, Object(WP_Block_Editor_Context))
#16 /var/www/html/wp-admin/post.php(187): require('/var/www/html/w...')
#17 {main}
  thrown in /var/www/html/wp-content/plugins/jonas-alexander/project_template.php on line 121
[02-Jan-2026 11:08:26 UTC] PHP Deprecated:  explode(): Passing null to parameter #2 ($string) of type string is deprecated in /var/www/html/wp-content/plugins/jonas-alexander/jonas-alexander.php on line 48
[02-Jan-2026 11:08:26 UTC] PHP Deprecated:  explode(): Passing null to parameter #2 ($string) of type string is deprecated in /var/www/html/wp-content/plugins/jonas-alexander/jonas-alexander.php on line 51
[02-Jan-2026 11:08:26 UTC] PHP Deprecated:  trim(): Passing null to parameter #1 ($string) of type string is deprecated in /var/www/html/wp-content/plugins/jonas-alexander/project_template.php on line 2
[02-Jan-2026 11:08:26 UTC] PHP Deprecated:  explode(): Passing null to parameter #2 ($string) of type string is deprecated in /var/www/html/wp-content/plugins/jonas-alexander/jonas-alexander.php on line 48
[02-Jan-2026 11:08:26 UTC] PHP Fatal error:  Uncaught TypeError: count(): Argument #1 ($value) must be of type Countable|array, null given in /var/www/html/wp-content/plugins/jonas-alexander/project_template.php:121
Stack trace:
#0 /var/www/html/wp-content/plugins/jonas-alexander/jonas-alexander.php(60): require_once()
#1 /var/www/html/wp-content/plugins/jonas-alexander/jonas-alexander.php(32): render_jonasalexander_template('booohking_proje...')
#2 /var/www/html/wp-includes/shortcodes.php(434): {closure}(Array, '', 'booohking_proje...')
#3 [internal function]: do_shortcode_tag(Array)
#4 /var/www/html/wp-includes/shortcodes.php(273): preg_replace_callback('/\\[(\\[?)(booohk...', 'do_shortcode_ta...', '[booohking_proj...')
#5 /var/www/html/wp-includes/class-wp-hook.php(341): do_shortcode('[booohking_proj...')
#6 /var/www/html/wp-includes/plugin.php(205): WP_Hook->apply_filters('[booohking_proj...', Array)
#7 /var/www/html/wp-includes/rest-api/endpoints/class-wp-rest-posts-controller.php(1972): apply_filters('the_content', '<!-- wp:shortco...')
#8 /var/www/html/wp-includes/rest-api/endpoints/class-wp-rest-posts-controller.php(666): WP_REST_Posts_Controller->prepare_item_for_response(Object(WP_Post), Object(WP_REST_Request))
#9 /var/www/html/wp-includes/rest-api/class-wp-rest-server.php(1292): WP_REST_Posts_Controller->get_item(Object(WP_REST_Request))
#10 /var/www/html/wp-includes/rest-api/class-wp-rest-server.php(1125): WP_REST_Server->respond_to_request(Object(WP_REST_Request), '/wp/v2/pages/(?...', Array, NULL)
#11 /var/www/html/wp-includes/rest-api.php(594): WP_REST_Server->dispatch(Object(WP_REST_Request))
#12 /var/www/html/wp-includes/rest-api.php(2981): rest_do_request(Object(WP_REST_Request))
#13 [internal function]: rest_preload_api_request(Array, '/wp/v2/pages/31...')
#14 /var/www/html/wp-includes/block-editor.php(762): array_reduce(Array, 'rest_preload_ap...', Array)
#15 /var/www/html/wp-admin/edit-form-blocks.php(114): block_editor_rest_api_preload(Array, Object(WP_Block_Editor_Context))
#16 /var/www/html/wp-admin/post.php(187): require('/var/www/html/w...')
#17 {main}
  thrown in /var/www/html/wp-content/plugins/jonas-alexander/project_template.php on line 121
[02-Jan-2026 11:08:26 UTC] PHP Deprecated:  explode(): Passing null to parameter #2 ($string) of type string is deprecated in /var/www/html/wp-content/plugins/jonas-alexander/jonas-alexander.php on line 51
[02-Jan-2026 11:08:26 UTC] PHP Deprecated:  trim(): Passing null to parameter #1 ($string) of type string is deprecated in /var/www/html/wp-content/plugins/jonas-alexander/project_template.php on line 2
[02-Jan-2026 11:08:26 UTC] PHP Fatal error:  Uncaught TypeError: count(): Argument #1 ($value) must be of type Countable|array, null given in /var/www/html/wp-content/plugins/jonas-alexander/project_template.php:121
Stack trace:
#0 /var/www/html/wp-content/plugins/jonas-alexander/jonas-alexander.php(60): require_once()
#1 /var/www/html/wp-content/plugins/jonas-alexander/jonas-alexander.php(32): render_jonasalexander_template('booohking_proje...')
#2 /var/www/html/wp-includes/shortcodes.php(434): {closure}(Array, '', 'booohking_proje...')
#3 [internal function]: do_shortcode_tag(Array)
#4 /var/www/html/wp-includes/shortcodes.php(273): preg_replace_callback('/\\[(\\[?)(booohk...', 'do_shortcode_ta...', '[booohking_proj...')
#5 /var/www/html/wp-includes/class-wp-hook.php(341): do_shortcode('[booohking_proj...')
#6 /var/www/html/wp-includes/plugin.php(205): WP_Hook->apply_filters('[booohking_proj...', Array)
#7 /var/www/html/wp-includes/rest-api/endpoints/class-wp-rest-posts-controller.php(1972): apply_filters('the_content', '<!-- wp:shortco...')
#8 /var/www/html/wp-includes/rest-api/endpoints/class-wp-rest-posts-controller.php(666): WP_REST_Posts_Controller->prepare_item_for_response(Object(WP_Post), Object(WP_REST_Request))
#9 /var/www/html/wp-includes/rest-api/class-wp-rest-server.php(1292): WP_REST_Posts_Controller->get_item(Object(WP_REST_Request))
#10 /var/www/html/wp-includes/rest-api/class-wp-rest-server.php(1125): WP_REST_Server->respond_to_request(Object(WP_REST_Request), '/wp/v2/pages/(?...', Array, NULL)
#11 /var/www/html/wp-includes/rest-api.php(594): WP_REST_Server->dispatch(Object(WP_REST_Request))
#12 /var/www/html/wp-includes/rest-api.php(2981): rest_do_request(Object(WP_REST_Request))
#13 [internal function]: rest_preload_api_request(Array, '/wp/v2/pages/31...')
#14 /var/www/html/wp-includes/block-editor.php(762): array_reduce(Array, 'rest_preload_ap...', Array)
#15 /var/www/html/wp-admin/edit-form-blocks.php(114): block_editor_rest_api_preload(Array, Object(WP_Block_Editor_Context))
#16 /var/www/html/wp-admin/post.php(187): require('/var/www/html/w...')
#17 {main}
  thrown in /var/www/html/wp-content/plugins/jonas-alexander/project_template.php on line 121
[02-Jan-2026 11:08:30 UTC] PHP Deprecated:  explode(): Passing null to parameter #2 ($string) of type string is deprecated in /var/www/html/wp-content/plugins/jonas-alexander/jonas-alexander.php on line 48
[02-Jan-2026 11:08:30 UTC] PHP Deprecated:  explode(): Passing null to parameter #2 ($string) of type string is deprecated in /var/www/html/wp-content/plugins/jonas-alexander/jonas-alexander.php on line 51
[02-Jan-2026 11:08:30 UTC] PHP Deprecated:  trim(): Passing null to parameter #1 ($string) of type string is deprecated in /var/www/html/wp-content/plugins/jonas-alexander/project_template.php on line 2
[02-Jan-2026 11:08:30 UTC] PHP Fatal error:  Uncaught TypeError: count(): Argument #1 ($value) must be of type Countable|array, null given in /var/www/html/wp-content/plugins/jonas-alexander/project_template.php:121
Stack trace:
#0 /var/www/html/wp-content/plugins/jonas-alexander/jonas-alexander.php(60): require_once()
#1 /var/www/html/wp-content/plugins/jonas-alexander/jonas-alexander.php(32): render_jonasalexander_template('booohking_proje...')
#2 /var/www/html/wp-includes/shortcodes.php(434): {closure}(Array, '', 'booohking_proje...')
#3 [internal function]: do_shortcode_tag(Array)
#4 /var/www/html/wp-includes/shortcodes.php(273): preg_replace_callback('/\\[(\\[?)(booohk...', 'do_shortcode_ta...', '[booohking_proj...')
#5 /var/www/html/wp-includes/class-wp-hook.php(341): do_shortcode('[booohking_proj...')
#6 /var/www/html/wp-includes/plugin.php(205): WP_Hook->apply_filters('[booohking_proj...', Array)
#7 /var/www/html/wp-includes/rest-api/endpoints/class-wp-rest-posts-controller.php(1972): apply_filters('the_content', '<!-- wp:shortco...')
#8 /var/www/html/wp-includes/rest-api/endpoints/class-wp-rest-posts-controller.php(1049): WP_REST_Posts_Controller->prepare_item_for_response(Object(WP_Post), Object(WP_REST_Request))
#9 /var/www/html/wp-includes/rest-api/class-wp-rest-server.php(1292): WP_REST_Posts_Controller->update_item(Object(WP_REST_Request))
#10 /var/www/html/wp-includes/rest-api/class-wp-rest-server.php(1125): WP_REST_Server->respond_to_request(Object(WP_REST_Request), '/wp/v2/pages/(?...', Array, NULL)
#11 /var/www/html/wp-includes/rest-api/class-wp-rest-server.php(439): WP_REST_Server->dispatch(Object(WP_REST_Request))
#12 /var/www/html/wp-includes/rest-api.php(467): WP_REST_Server->serve_request('/wp/v2/pages/31...')
#13 /var/www/html/wp-includes/class-wp-hook.php(341): rest_api_loaded(Object(WP))
#14 /var/www/html/wp-includes/class-wp-hook.php(365): WP_Hook->apply_filters('', Array)
#15 /var/www/html/wp-includes/plugin.php(570): WP_Hook->do_action(Array)
#16 /var/www/html/wp-includes/class-wp.php(418): do_action_ref_array('parse_request', Array)
#17 /var/www/html/wp-includes/class-wp.php(821): WP->parse_request('')
#18 /var/www/html/wp-includes/functions.php(1343): WP->main('')
#19 /var/www/html/wp-blog-header.php(16): wp()
#20 /var/www/html/index.php(17): require('/var/www/html/w...')
#21 {main}
  thrown in /var/www/html/wp-content/plugins/jonas-alexander/project_template.php on line 121
[02-Jan-2026 11:08:39 UTC] PHP Deprecated:  explode(): Passing null to parameter #2 ($string) of type string is deprecated in /var/www/html/wp-content/plugins/jonas-alexander/jonas-alexander.php on line 48
[02-Jan-2026 11:08:39 UTC] PHP Deprecated:  explode(): Passing null to parameter #2 ($string) of type string is deprecated in /var/www/html/wp-content/plugins/jonas-alexander/jonas-alexander.php on line 51
[02-Jan-2026 11:08:39 UTC] PHP Deprecated:  trim(): Passing null to parameter #1 ($string) of type string is deprecated in /var/www/html/wp-content/plugins/jonas-alexander/project_template.php on line 2
[02-Jan-2026 11:08:39 UTC] PHP Fatal error:  Uncaught TypeError: count(): Argument #1 ($value) must be of type Countable|array, null given in /var/www/html/wp-content/plugins/jonas-alexander/project_template.php:121
Stack trace:
#0 /var/www/html/wp-content/plugins/jonas-alexander/jonas-alexander.php(60): require_once()
#1 /var/www/html/wp-content/plugins/jonas-alexander/jonas-alexander.php(32): render_jonasalexander_template('booohking_proje...')
#2 /var/www/html/wp-includes/shortcodes.php(434): {closure}(Array, '', 'booohking_proje...')
#3 [internal function]: do_shortcode_tag(Array)
#4 /var/www/html/wp-includes/shortcodes.php(273): preg_replace_callback('/\\[(\\[?)(booohk...', 'do_shortcode_ta...', '[booohking_proj...')
#5 /var/www/html/wp-includes/class-wp-hook.php(341): do_shortcode('[booohking_proj...')
#6 /var/www/html/wp-includes/plugin.php(205): WP_Hook->apply_filters('[booohking_proj...', Array)
#7 /var/www/html/wp-includes/rest-api/endpoints/class-wp-rest-posts-controller.php(1972): apply_filters('the_content', '<!-- wp:shortco...')
#8 /var/www/html/wp-includes/rest-api/endpoints/class-wp-rest-posts-controller.php(1049): WP_REST_Posts_Controller->prepare_item_for_response(Object(WP_Post), Object(WP_REST_Request))
#9 /var/www/html/wp-includes/rest-api/class-wp-rest-server.php(1292): WP_REST_Posts_Controller->update_item(Object(WP_REST_Request))
#10 /var/www/html/wp-includes/rest-api/class-wp-rest-server.php(1125): WP_REST_Server->respond_to_request(Object(WP_REST_Request), '/wp/v2/pages/(?...', Array, NULL)
#11 /var/www/html/wp-includes/rest-api/class-wp-rest-server.php(439): WP_REST_Server->dispatch(Object(WP_REST_Request))
#12 /var/www/html/wp-includes/rest-api.php(467): WP_REST_Server->serve_request('/wp/v2/pages/31...')
#13 /var/www/html/wp-includes/class-wp-hook.php(341): rest_api_loaded(Object(WP))
#14 /var/www/html/wp-includes/class-wp-hook.php(365): WP_Hook->apply_filters('', Array)
#15 /var/www/html/wp-includes/plugin.php(570): WP_Hook->do_action(Array)
#16 /var/www/html/wp-includes/class-wp.php(418): do_action_ref_array('parse_request', Array)
#17 /var/www/html/wp-includes/class-wp.php(821): WP->parse_request('')
#18 /var/www/html/wp-includes/functions.php(1343): WP->main('')
#19 /var/www/html/wp-blog-header.php(16): wp()
#20 /var/www/html/index.php(17): require('/var/www/html/w...')
#21 {main}
  thrown in /var/www/html/wp-content/plugins/jonas-alexander/project_template.php on line 121
[02-Jan-2026 11:08:50 UTC] PHP Deprecated:  explode(): Passing null to parameter #2 ($string) of type string is deprecated in /var/www/html/wp-content/plugins/jonas-alexander/jonas-alexander.php on line 48
[02-Jan-2026 11:08:50 UTC] PHP Deprecated:  explode(): Passing null to parameter #2 ($string) of type string is deprecated in /var/www/html/wp-content/plugins/jonas-alexander/jonas-alexander.php on line 51
[02-Jan-2026 11:08:50 UTC] PHP Deprecated:  trim(): Passing null to parameter #1 ($string) of type string is deprecated in /var/www/html/wp-content/plugins/jonas-alexander/project_template.php on line 2
[02-Jan-2026 11:08:50 UTC] PHP Fatal error:  Uncaught TypeError: count(): Argument #1 ($value) must be of type Countable|array, null given in /var/www/html/wp-content/plugins/jonas-alexander/project_template.php:121
Stack trace:
#0 /var/www/html/wp-content/plugins/jonas-alexander/jonas-alexander.php(60): require_once()
#1 /var/www/html/wp-content/plugins/jonas-alexander/jonas-alexander.php(32): render_jonasalexander_template('booohking_proje...')
#2 /var/www/html/wp-includes/shortcodes.php(434): {closure}(Array, '', 'booohking_proje...')
#3 [internal function]: do_shortcode_tag(Array)
#4 /var/www/html/wp-includes/shortcodes.php(273): preg_replace_callback('/\\[(\\[?)(booohk...', 'do_shortcode_ta...', '[booohking_proj...')
#5 /var/www/html/wp-includes/class-wp-hook.php(341): do_shortcode('[booohking_proj...')
#6 /var/www/html/wp-includes/plugin.php(205): WP_Hook->apply_filters('[booohking_proj...', Array)
#7 /var/www/html/wp-includes/rest-api/endpoints/class-wp-rest-posts-controller.php(1972): apply_filters('the_content', '<!-- wp:shortco...')
#8 /var/www/html/wp-includes/rest-api/endpoints/class-wp-rest-posts-controller.php(666): WP_REST_Posts_Controller->prepare_item_for_response(Object(WP_Post), Object(WP_REST_Request))
#9 /var/www/html/wp-includes/rest-api/class-wp-rest-server.php(1292): WP_REST_Posts_Controller->get_item(Object(WP_REST_Request))
#10 /var/www/html/wp-includes/rest-api/class-wp-rest-server.php(1125): WP_REST_Server->respond_to_request(Object(WP_REST_Request), '/wp/v2/pages/(?...', Array, NULL)
#11 /var/www/html/wp-includes/rest-api.php(594): WP_REST_Server->dispatch(Object(WP_REST_Request))
#12 /var/www/html/wp-includes/rest-api.php(2981): rest_do_request(Object(WP_REST_Request))
#13 [internal function]: rest_preload_api_request(Array, '/wp/v2/pages/31...')
#14 /var/www/html/wp-includes/block-editor.php(762): array_reduce(Array, 'rest_preload_ap...', Array)
#15 /var/www/html/wp-admin/edit-form-blocks.php(114): block_editor_rest_api_preload(Array, Object(WP_Block_Editor_Context))
#16 /var/www/html/wp-admin/post.php(187): require('/var/www/html/w...')
#17 {main}
  thrown in /var/www/html/wp-content/plugins/jonas-alexander/project_template.php on line 121
[02-Jan-2026 11:08:50 UTC] PHP Deprecated:  explode(): Passing null to parameter #2 ($string) of type string is deprecated in /var/www/html/wp-content/plugins/jonas-alexander/jonas-alexander.php on line 48
[02-Jan-2026 11:08:50 UTC] PHP Deprecated:  explode(): Passing null to parameter #2 ($string) of type string is deprecated in /var/www/html/wp-content/plugins/jonas-alexander/jonas-alexander.php on line 48
[02-Jan-2026 11:08:50 UTC] PHP Deprecated:  explode(): Passing null to parameter #2 ($string) of type string is deprecated in /var/www/html/wp-content/plugins/jonas-alexander/jonas-alexander.php on line 51
[02-Jan-2026 11:08:50 UTC] PHP Deprecated:  explode(): Passing null to parameter #2 ($string) of type string is deprecated in /var/www/html/wp-content/plugins/jonas-alexander/jonas-alexander.php on line 51
[02-Jan-2026 11:08:50 UTC] PHP Deprecated:  trim(): Passing null to parameter #1 ($string) of type string is deprecated in /var/www/html/wp-content/plugins/jonas-alexander/project_template.php on line 2
[02-Jan-2026 11:08:50 UTC] PHP Deprecated:  trim(): Passing null to parameter #1 ($string) of type string is deprecated in /var/www/html/wp-content/plugins/jonas-alexander/project_template.php on line 2
[02-Jan-2026 11:08:50 UTC] PHP Fatal error:  Uncaught TypeError: count(): Argument #1 ($value) must be of type Countable|array, null given in /var/www/html/wp-content/plugins/jonas-alexander/project_template.php:121
Stack trace:
#0 /var/www/html/wp-content/plugins/jonas-alexander/jonas-alexander.php(60): require_once()
#1 /var/www/html/wp-content/plugins/jonas-alexander/jonas-alexander.php(32): render_jonasalexander_template('booohking_proje...')
#2 /var/www/html/wp-includes/shortcodes.php(434): {closure}(Array, '', 'booohking_proje...')
#3 [internal function]: do_shortcode_tag(Array)
#4 /var/www/html/wp-includes/shortcodes.php(273): preg_replace_callback('/\\[(\\[?)(booohk...', 'do_shortcode_ta...', '[booohking_proj...')
#5 /var/www/html/wp-includes/class-wp-hook.php(341): do_shortcode('[booohking_proj...')
#6 /var/www/html/wp-includes/plugin.php(205): WP_Hook->apply_filters('[booohking_proj...', Array)
#7 /var/www/html/wp-includes/rest-api/endpoints/class-wp-rest-posts-controller.php(1972): apply_filters('the_content', '<!-- wp:shortco...')
#8 /var/www/html/wp-includes/rest-api/endpoints/class-wp-rest-posts-controller.php(666): WP_REST_Posts_Controller->prepare_item_for_response(Object(WP_Post), Object(WP_REST_Request))
#9 /var/www/html/wp-includes/rest-api/class-wp-rest-server.php(1292): WP_REST_Posts_Controller->get_item(Object(WP_REST_Request))
#10 /var/www/html/wp-includes/rest-api/class-wp-rest-server.php(1125): WP_REST_Server->respond_to_request(Object(WP_REST_Request), '/wp/v2/pages/(?...', Array, NULL)
#11 /var/www/html/wp-includes/rest-api.php(594): WP_REST_Server->dispatch(Object(WP_REST_Request))
#12 /var/www/html/wp-includes/rest-api.php(2981): rest_do_request(Object(WP_REST_Request))
#13 [internal function]: rest_preload_api_request(Array, '/wp/v2/pages/31...')
#14 /var/www/html/wp-includes/block-editor.php(762): array_reduce(Array, 'rest_preload_ap...', Array)
#15 /var/www/html/wp-admin/edit-form-blocks.php(114): block_editor_rest_api_preload(Array, Object(WP_Block_Editor_Context))
#16 /var/www/html/wp-admin/post.php(187): require('/var/www/html/w...')
#17 {main}
  thrown in /var/www/html/wp-content/plugins/jonas-alexander/project_template.php on line 121
[02-Jan-2026 11:08:50 UTC] PHP Fatal error:  Uncaught TypeError: count(): Argument #1 ($value) must be of type Countable|array, null given in /var/www/html/wp-content/plugins/jonas-alexander/project_template.php:121
Stack trace:
#0 /var/www/html/wp-content/plugins/jonas-alexander/jonas-alexander.php(60): require_once()
#1 /var/www/html/wp-content/plugins/jonas-alexander/jonas-alexander.php(32): render_jonasalexander_template('booohking_proje...')
#2 /var/www/html/wp-includes/shortcodes.php(434): {closure}(Array, '', 'booohking_proje...')
#3 [internal function]: do_shortcode_tag(Array)
#4 /var/www/html/wp-includes/shortcodes.php(273): preg_replace_callback('/\\[(\\[?)(booohk...', 'do_shortcode_ta...', '[booohking_proj...')
#5 /var/www/html/wp-includes/class-wp-hook.php(341): do_shortcode('[booohking_proj...')
#6 /var/www/html/wp-includes/plugin.php(205): WP_Hook->apply_filters('[booohking_proj...', Array)
#7 /var/www/html/wp-includes/rest-api/endpoints/class-wp-rest-posts-controller.php(1972): apply_filters('the_content', '<!-- wp:shortco...')
#8 /var/www/html/wp-includes/rest-api/endpoints/class-wp-rest-posts-controller.php(666): WP_REST_Posts_Controller->prepare_item_for_response(Object(WP_Post), Object(WP_REST_Request))
#9 /var/www/html/wp-includes/rest-api/class-wp-rest-server.php(1292): WP_REST_Posts_Controller->get_item(Object(WP_REST_Request))
#10 /var/www/html/wp-includes/rest-api/class-wp-rest-server.php(1125): WP_REST_Server->respond_to_request(Object(WP_REST_Request), '/wp/v2/pages/(?...', Array, NULL)
#11 /var/www/html/wp-includes/rest-api.php(594): WP_REST_Server->dispatch(Object(WP_REST_Request))
#12 /var/www/html/wp-includes/rest-api.php(2981): rest_do_request(Object(WP_REST_Request))
#13 [internal function]: rest_preload_api_request(Array, '/wp/v2/pages/31...')
#14 /var/www/html/wp-includes/block-editor.php(762): array_reduce(Array, 'rest_preload_ap...', Array)
#15 /var/www/html/wp-admin/edit-form-blocks.php(114): block_editor_rest_api_preload(Array, Object(WP_Block_Editor_Context))
#16 /var/www/html/wp-admin/post.php(187): require('/var/www/html/w...')
#17 {main}
  thrown in /var/www/html/wp-content/plugins/jonas-alexander/project_template.php on line 121
[02-Jan-2026 11:09:53 UTC] PHP Deprecated:  explode(): Passing null to parameter #2 ($string) of type string is deprecated in /var/www/html/wp-content/plugins/jonas-alexander/jonas-alexander.php on line 48
[02-Jan-2026 11:09:53 UTC] PHP Deprecated:  explode(): Passing null to parameter #2 ($string) of type string is deprecated in /var/www/html/wp-content/plugins/jonas-alexander/jonas-alexander.php on line 51
[02-Jan-2026 11:11:21 UTC] PHP Deprecated:  explode(): Passing null to parameter #2 ($string) of type string is deprecated in /var/www/html/wp-content/plugins/jonas-alexander/jonas-alexander.php on line 48
[02-Jan-2026 11:11:21 UTC] PHP Deprecated:  explode(): Passing null to parameter #2 ($string) of type string is deprecated in /var/www/html/wp-content/plugins/jonas-alexander/jonas-alexander.php on line 51
[02-Jan-2026 11:15:12 UTC] PHP Deprecated:  explode(): Passing null to parameter #2 ($string) of type string is deprecated in /var/www/html/wp-content/plugins/jonas-alexander/jonas-alexander.php on line 48
[02-Jan-2026 11:15:12 UTC] PHP Deprecated:  explode(): Passing null to parameter #2 ($string) of type string is deprecated in /var/www/html/wp-content/plugins/jonas-alexander/jonas-alexander.php on line 51
[02-Jan-2026 11:15:41 UTC] PHP Deprecated:  explode(): Passing null to parameter #2 ($string) of type string is deprecated in /var/www/html/wp-content/plugins/jonas-alexander/jonas-alexander.php on line 48
[02-Jan-2026 11:15:41 UTC] PHP Deprecated:  explode(): Passing null to parameter #2 ($string) of type string is deprecated in /var/www/html/wp-content/plugins/jonas-alexander/jonas-alexander.php on line 51
[02-Jan-2026 11:17:43 UTC] PHP Deprecated:  explode(): Passing null to parameter #2 ($string) of type string is deprecated in /var/www/html/wp-content/plugins/jonas-alexander/jonas-alexander.php on line 48
[02-Jan-2026 11:17:43 UTC] PHP Deprecated:  explode(): Passing null to parameter #2 ($string) of type string is deprecated in /var/www/html/wp-content/plugins/jonas-alexander/jonas-alexander.php on line 51
[02-Jan-2026 11:17:50 UTC] PHP Deprecated:  explode(): Passing null to parameter #2 ($string) of type string is deprecated in /var/www/html/wp-content/plugins/jonas-alexander/jonas-alexander.php on line 48
[02-Jan-2026 11:17:50 UTC] PHP Deprecated:  explode(): Passing null to parameter #2 ($string) of type string is deprecated in /var/www/html/wp-content/plugins/jonas-alexander/jonas-alexander.php on line 51
[02-Jan-2026 11:26:17 UTC] Automatic updates starting...
[02-Jan-2026 11:26:17 UTC]   Automatic plugin updates starting...
[02-Jan-2026 11:26:17 UTC]   Automatic plugin updates complete.
[02-Jan-2026 11:26:17 UTC] Automatic updates complete.
[02-Jan-2026 11:48:38 UTC] PHP Deprecated:  explode(): Passing null to parameter #2 ($string) of type string is deprecated in /var/www/html/wp-content/plugins/jonas-alexander/jonas-alexander.php on line 48
[02-Jan-2026 11:48:38 UTC] PHP Deprecated:  explode(): Passing null to parameter #2 ($string) of type string is deprecated in /var/www/html/wp-content/plugins/jonas-alexander/jonas-alexander.php on line 51
[02-Jan-2026 11:48:59 UTC] PHP Deprecated:  explode(): Passing null to parameter #2 ($string) of type string is deprecated in /var/www/html/wp-content/plugins/jonas-alexander/jonas-alexander.php on line 48
[02-Jan-2026 11:48:59 UTC] PHP Deprecated:  explode(): Passing null to parameter #2 ($string) of type string is deprecated in /var/www/html/wp-content/plugins/jonas-alexander/jonas-alexander.php on line 51
[02-Jan-2026 11:49:40 UTC] PHP Deprecated:  explode(): Passing null to parameter #2 ($string) of type string is deprecated in /var/www/html/wp-content/plugins/jonas-alexander/jonas-alexander.php on line 48
[02-Jan-2026 11:49:40 UTC] PHP Deprecated:  explode(): Passing null to parameter #2 ($string) of type string is deprecated in /var/www/html/wp-content/plugins/jonas-alexander/jonas-alexander.php on line 51
[02-Jan-2026 11:49:41 UTC] PHP Deprecated:  explode(): Passing null to parameter #2 ($string) of type string is deprecated in /var/www/html/wp-content/plugins/jonas-alexander/jonas-alexander.php on line 48
[02-Jan-2026 11:49:41 UTC] PHP Deprecated:  explode(): Passing null to parameter #2 ($string) of type string is deprecated in /var/www/html/wp-content/plugins/jonas-alexander/jonas-alexander.php on line 51
[02-Jan-2026 11:49:54 UTC] PHP Deprecated:  explode(): Passing null to parameter #2 ($string) of type string is deprecated in /var/www/html/wp-content/plugins/jonas-alexander/jonas-alexander.php on line 48
[02-Jan-2026 11:49:54 UTC] PHP Deprecated:  explode(): Passing null to parameter #2 ($string) of type string is deprecated in /var/www/html/wp-content/plugins/jonas-alexander/jonas-alexander.php on line 51
[02-Jan-2026 11:49:55 UTC] PHP Deprecated:  explode(): Passing null to parameter #2 ($string) of type string is deprecated in /var/www/html/wp-content/plugins/jonas-alexander/jonas-alexander.php on line 48
[02-Jan-2026 11:49:55 UTC] PHP Deprecated:  explode(): Passing null to parameter #2 ($string) of type string is deprecated in /var/www/html/wp-content/plugins/jonas-alexander/jonas-alexander.php on line 51
[02-Jan-2026 11:50:30 UTC] PHP Deprecated:  explode(): Passing null to parameter #2 ($string) of type string is deprecated in /var/www/html/wp-content/plugins/jonas-alexander/jonas-alexander.php on line 48
[02-Jan-2026 11:50:30 UTC] PHP Deprecated:  explode(): Passing null to parameter #2 ($string) of type string is deprecated in /var/www/html/wp-content/plugins/jonas-alexander/jonas-alexander.php on line 51
[02-Jan-2026 11:51:35 UTC] PHP Deprecated:  explode(): Passing null to parameter #2 ($string) of type string is deprecated in /var/www/html/wp-content/plugins/jonas-alexander/jonas-alexander.php on line 48
[02-Jan-2026 11:51:35 UTC] PHP Deprecated:  explode(): Passing null to parameter #2 ($string) of type string is deprecated in /var/www/html/wp-content/plugins/jonas-alexander/jonas-alexander.php on line 51
[02-Jan-2026 11:51:58 UTC] PHP Deprecated:  explode(): Passing null to parameter #2 ($string) of type string is deprecated in /var/www/html/wp-content/plugins/jonas-alexander/jonas-alexander.php on line 48
[02-Jan-2026 11:51:58 UTC] PHP Deprecated:  explode(): Passing null to parameter #2 ($string) of type string is deprecated in /var/www/html/wp-content/plugins/jonas-alexander/jonas-alexander.php on line 51
[02-Jan-2026 11:52:13 UTC] PHP Deprecated:  explode(): Passing null to parameter #2 ($string) of type string is deprecated in /var/www/html/wp-content/plugins/jonas-alexander/jonas-alexander.php on line 48
[02-Jan-2026 11:52:13 UTC] PHP Deprecated:  explode(): Passing null to parameter #2 ($string) of type string is deprecated in /var/www/html/wp-content/plugins/jonas-alexander/jonas-alexander.php on line 51
[02-Jan-2026 12:08:15 UTC] PHP Deprecated:  explode(): Passing null to parameter #2 ($string) of type string is deprecated in /var/www/html/wp-content/plugins/jonas-alexander/jonas-alexander.php on line 48
[02-Jan-2026 12:08:15 UTC] PHP Deprecated:  explode(): Passing null to parameter #2 ($string) of type string is deprecated in /var/www/html/wp-content/plugins/jonas-alexander/jonas-alexander.php on line 51
[02-Jan-2026 12:08:27 UTC] PHP Deprecated:  explode(): Passing null to parameter #2 ($string) of type string is deprecated in /var/www/html/wp-content/plugins/jonas-alexander/jonas-alexander.php on line 48
[02-Jan-2026 12:08:27 UTC] PHP Deprecated:  explode(): Passing null to parameter #2 ($string) of type string is deprecated in /var/www/html/wp-content/plugins/jonas-alexander/jonas-alexander.php on line 51
[02-Jan-2026 12:08:29 UTC] PHP Deprecated:  explode(): Passing null to parameter #2 ($string) of type string is deprecated in /var/www/html/wp-content/plugins/jonas-alexander/jonas-alexander.php on line 48
[02-Jan-2026 12:08:29 UTC] PHP Deprecated:  explode(): Passing null to parameter #2 ($string) of type string is deprecated in /var/www/html/wp-content/plugins/jonas-alexander/jonas-alexander.php on line 51
[02-Jan-2026 12:08:37 UTC] PHP Deprecated:  explode(): Passing null to parameter #2 ($string) of type string is deprecated in /var/www/html/wp-content/plugins/jonas-alexander/jonas-alexander.php on line 48
[02-Jan-2026 12:08:37 UTC] PHP Deprecated:  explode(): Passing null to parameter #2 ($string) of type string is deprecated in /var/www/html/wp-content/plugins/jonas-alexander/jonas-alexander.php on line 51
[02-Jan-2026 12:08:57 UTC] PHP Deprecated:  explode(): Passing null to parameter #2 ($string) of type string is deprecated in /var/www/html/wp-content/plugins/jonas-alexander/jonas-alexander.php on line 48
[02-Jan-2026 12:08:57 UTC] PHP Deprecated:  explode(): Passing null to parameter #2 ($string) of type string is deprecated in /var/www/html/wp-content/plugins/jonas-alexander/jonas-alexander.php on line 51
